"bands","spacing","signal","noise_sd","correlation","total_variation.mean","total_variation.sd","total_variation.min","total_variation.max","total_variation.5.","total_variation.50.","total_variation.95.","mean_step.mean","mean_step.sd","mean_step.min","mean_step.max","mean_step.5.","mean_step.50.","mean_step.95.","mean_absolute_slope.mean","mean_absolute_slope.sd","mean_absolute_slope.min","mean_absolute_slope.max","mean_absolute_slope.5.","mean_absolute_slope.50.","mean_absolute_slope.95.","rms_slope.mean","rms_slope.sd","rms_slope.min","rms_slope.max","rms_slope.5.","rms_slope.50.","rms_slope.95.","lower_quartile.mean","lower_quartile.sd","lower_quartile.min","lower_quartile.max","lower_quartile.5.","lower_quartile.50.","lower_quartile.95.","median.mean","median.sd","median.min","median.max","median.5.","median.50.","median.95.","upper_quartile.mean","upper_quartile.sd","upper_quartile.min","upper_quartile.max","upper_quartile.5.","upper_quartile.50.","upper_quartile.95."
6,"irregular","flat",0,"correlated",0,NA,0,0,0,0,0,0,NA,0,0,0,0,0,0,NA,0,0,0,0,0,0,NA,0,0,0,0,0,0.3,NA,0.3,0.3,0.3,0.3,0.3,0.3,NA,0.3,0.3,0.3,0.3,0.3,0.3,NA,0.3,0.3,0.3,0.3,0.3
12,"irregular","flat",0,"correlated",0,NA,0,0,0,0,0,0,NA,0,0,0,0,0,0,NA,0,0,0,0,0,0,NA,0,0,0,0,0,0.3,NA,0.3,0.3,0.3,0.3,0.3,0.3,NA,0.3,0.3,0.3,0.3,0.3,0.3,NA,0.3,0.3,0.3,0.3,0.3
24,"irregular","flat",0,"correlated",0,NA,0,0,0,0,0,0,NA,0,0,0,0,0,0,NA,0,0,0,0,0,0,NA,0,0,0,0,0,0.3,NA,0.3,0.3,0.3,0.3,0.3,0.3,NA,0.3,0.3,0.3,0.3,0.3,0.3,NA,0.3,0.3,0.3,0.3,0.3
48,"irregular","flat",0,"correlated",0,NA,0,0,0,0,0,0,NA,0,0,0,0,0,0,NA,0,0,0,0,0,0,NA,0,0,0,0,0,0.3,NA,0.3,0.3,0.3,0.3,0.3,0.3,NA,0.3,0.3,0.3,0.3,0.3,0.3,NA,0.3,0.3,0.3,0.3,0.3
96,"irregular","flat",0,"correlated",0,NA,0,0,0,0,0,0,NA,0,0,0,0,0,0,NA,0,0,0,0,0,0,NA,0,0,0,0,0,0.3,NA,0.3,0.3,0.3,0.3,0.3,0.3,NA,0.3,0.3,0.3,0.3,0.3,0.3,NA,0.3,0.3,0.3,0.3,0.3
6,"regular","flat",0,"correlated",0,NA,0,0,0,0,0,0,NA,0,0,0,0,0,0,NA,0,0,0,0,0,0,NA,0,0,0,0,0,0.3,NA,0.3,0.3,0.3,0.3,0.3,0.3,NA,0.3,0.3,0.3,0.3,0.3,0.3,NA,0.3,0.3,0.3,0.3,0.3
12,"regular","flat",0,"correlated",0,NA,0,0,0,0,0,0,NA,0,0,0,0,0,0,NA,0,0,0,0,0,0,NA,0,0,0,0,0,0.3,NA,0.3,0.3,0.3,0.3,0.3,0.3,NA,0.3,0.3,0.3,0.3,0.3,0.3,NA,0.3,0.3,0.3,0.3,0.3
24,"regular","flat",0,"correlated",0,NA,0,0,0,0,0,0,NA,0,0,0,0,0,0,NA,0,0,0,0,0,0,NA,0,0,0,0,0,0.3,NA,0.3,0.3,0.3,0.3,0.3,0.3,NA,0.3,0.3,0.3,0.3,0.3,0.3,NA,0.3,0.3,0.3,0.3,0.3
48,"regular","flat",0,"correlated",0,NA,0,0,0,0,0,0,NA,0,0,0,0,0,0,NA,0,0,0,0,0,0,NA,0,0,0,0,0,0.3,NA,0.3,0.3,0.3,0.3,0.3,0.3,NA,0.3,0.3,0.3,0.3,0.3,0.3,NA,0.3,0.3,0.3,0.3,0.3
96,"regular","flat",0,"correlated",0,NA,0,0,0,0,0,0,NA,0,0,0,0,0,0,NA,0,0,0,0,0,0,NA,0,0,0,0,0,0.3,NA,0.3,0.3,0.3,0.3,0.3,0.3,NA,0.3,0.3,0.3,0.3,0.3,0.3,NA,0.3,0.3,0.3,0.3,0.3
6,"irregular","linear",0,"correlated",0.6,NA,0.6,0.6,0.6,0.6,0.6,0.12,NA,0.12,0.12,0.12,0.12,0.12,0.0015,NA,0.0015,0.0015,0.0015,0.0015,0.0015,0.0015,NA,0.0015,0.0015,0.0015,0.0015,0.0015,0.160764991644491,NA,0.160764991644491,0.160764991644491,0.160764991644491,0.160764991644491,0.160764991644491,0.289072620082641,NA,0.289072620082641,0.289072620082641,0.289072620082641,0.289072620082641,0.289072620082641,0.470882701934761,NA,0.470882701934761,0.470882701934761,0.470882701934761,0.470882701934761,0.470882701934761
12,"irregular","linear",0,"correlated",0.6,NA,0.6,0.6,0.6,0.6,0.6,0.0545454545454545,NA,0.0545454545454545,0.0545454545454545,0.0545454545454545,0.0545454545454545,0.0545454545454545,0.0015,NA,0.0015,0.0015,0.0015,0.0015,0.0015,0.0015,NA,0.0015,0.0015,0.0015,0.0015,0.0015,0.157694914290458,NA,0.157694914290458,0.157694914290458,0.157694914290458,0.157694914290458,0.157694914290458,0.28558000261277,NA,0.28558000261277,0.28558000261277,0.28558000261277,0.28558000261277,0.28558000261277,0.468521229178134,NA,0.468521229178134,0.468521229178134,0.468521229178134,0.468521229178134,0.468521229178134
24,"irregular","linear",0,"correlated",0.6,NA,0.6,0.6,0.6,0.6,0.6,0.0260869565217391,NA,0.0260869565217391,0.0260869565217391,0.0260869565217391,0.0260869565217391,0.0260869565217391,0.0015,NA,0.0015,0.0015,0.0015,0.0015,0.0015,0.0015,NA,0.0015,0.0015,0.0015,0.0015,0.0015,0.157032919159831,NA,0.157032919159831,0.157032919159831,0.157032919159831,0.157032919159831,0.157032919159831,0.284879386751759,NA,0.284879386751759,0.284879386751759,0.284879386751759,0.284879386751759,0.284879386751759,0.468059243974145,NA,0.468059243974145,0.468059243974145,0.468059243974145,0.468059243974145,0.468059243974145
48,"irregular","linear",0,"correlated",0.6,NA,0.6,0.6,0.6,0.6,0.6,0.0127659574468085,NA,0.0127659574468085,0.0127659574468085,0.0127659574468085,0.0127659574468085,0.0127659574468085,0.0015,NA,0.0015,0.0015,0.0015,0.0015,0.0015,0.0015,NA,0.0015,0.0015,0.0015,0.0015,0.0015,0.156885501061717,NA,0.156885501061717,0.156885501061717,0.156885501061717,0.156885501061717,0.156885501061717,0.284721404534868,NA,0.284721404534868,0.284721404534868,0.284721404534868,0.284721404534868,0.284721404534868,0.467954682759092,NA,0.467954682759092,0.467954682759092,0.467954682759092,0.467954682759092,0.467954682759092
96,"irregular","linear",0,"correlated",0.6,NA,0.6,0.6,0.6,0.6,0.6,0.00631578947368421,NA,0.00631578947368421,0.00631578947368421,0.00631578947368421,0.00631578947368421,0.00631578947368421,0.0015,NA,0.0015,0.0015,0.0015,0.0015,0.0015,0.0015,NA,0.0015,0.0015,0.0015,0.0015,0.0015,0.156850637113126,NA,0.156850637113126,0.156850637113126,0.156850637113126,0.156850637113126,0.156850637113126,0.284683837074822,NA,0.284683837074822,0.284683837074822,0.284683837074822,0.284683837074822,0.284683837074822,0.467929775472669,NA,0.467929775472669,0.467929775472669,0.467929775472669,0.467929775472669,0.467929775472669
6,"regular","linear",0,"correlated",0.6,NA,0.6,0.6,0.6,0.6,0.6,0.12,NA,0.12,0.12,0.12,0.12,0.12,0.0015,NA,0.0015,0.0015,0.0015,0.0015,0.0015,0.0015,NA,0.0015,0.0015,0.0015,0.0015,0.0015,0.25,NA,0.25,0.25,0.25,0.25,0.25,0.4,NA,0.4,0.4,0.4,0.4,0.4,0.55,NA,0.55,0.55,0.55,0.55,0.55
12,"regular","linear",0,"correlated",0.6,NA,0.6,0.6,0.6,0.6,0.6,0.0545454545454545,NA,0.0545454545454545,0.0545454545454545,0.0545454545454545,0.0545454545454545,0.0545454545454545,0.0015,NA,0.0015,0.0015,0.0015,0.0015,0.0015,0.0015,NA,0.0015,0.0015,0.0015,0.0015,0.0015,0.25,NA,0.25,0.25,0.25,0.25,0.25,0.4,NA,0.4,0.4,0.4,0.4,0.4,0.55,NA,0.55,0.55,0.55,0.55,0.55
24,"regular","linear",0,"correlated",0.6,NA,0.6,0.6,0.6,0.6,0.6,0.0260869565217391,NA,0.0260869565217391,0.0260869565217391,0.0260869565217391,0.0260869565217391,0.0260869565217391,0.0015,NA,0.0015,0.0015,0.0015,0.0015,0.0015,0.0015,NA,0.0015,0.0015,0.0015,0.0015,0.0015,0.25,NA,0.25,0.25,0.25,0.25,0.25,0.4,NA,0.4,0.4,0.4,0.4,0.4,0.55,NA,0.55,0.55,0.55,0.55,0.55
48,"regular","linear",0,"correlated",0.6,NA,0.6,0.6,0.6,0.6,0.6,0.0127659574468085,NA,0.0127659574468085,0.0127659574468085,0.0127659574468085,0.0127659574468085,0.0127659574468085,0.0015,NA,0.0015,0.0015,0.0015,0.0015,0.0015,0.0015,NA,0.0015,0.0015,0.0015,0.0015,0.0015,0.25,NA,0.25,0.25,0.25,0.25,0.25,0.4,NA,0.4,0.4,0.4,0.4,0.4,0.55,NA,0.55,0.55,0.55,0.55,0.55
96,"regular","linear",0,"correlated",0.6,NA,0.6,0.6,0.6,0.6,0.6,0.00631578947368421,NA,0.00631578947368421,0.00631578947368421,0.00631578947368421,0.00631578947368421,0.00631578947368421,0.0015,NA,0.0015,0.0015,0.0015,0.0015,0.0015,0.0015,NA,0.0015,0.0015,0.0015,0.0015,0.0015,0.25,NA,0.25,0.25,0.25,0.25,0.25,0.4,NA,0.4,0.4,0.4,0.4,0.4,0.55,NA,0.55,0.55,0.55,0.55,0.55
6,"irregular","narrow_peak",0,"correlated",0.915816630665011,NA,0.915816630665011,0.915816630665011,0.915816630665011,0.915816630665011,0.915816630665011,0.183163326133002,NA,0.183163326133002,0.183163326133002,0.183163326133002,0.183163326133002,0.183163326133002,0.00228954157666253,NA,0.00228954157666253,0.00228954157666253,0.00228954157666253,0.00228954157666253,0.00228954157666253,0.00334984069522117,NA,0.00334984069522117,0.00334984069522117,0.00334984069522117,0.00334984069522117,0.00334984069522117,0.2,NA,0.2,0.2,0.2,0.2,0.2,0.2,NA,0.2,0.2,0.2,0.2,0.2,0.2,NA,0.2,0.2,0.2,0.2,0.2
12,"irregular","narrow_peak",0,"correlated",0.394261696342103,NA,0.394261696342103,0.394261696342103,0.394261696342103,0.394261696342103,0.394261696342103,0.0358419723947366,NA,0.0358419723947366,0.0358419723947366,0.0358419723947366,0.0358419723947366,0.0358419723947366,0.000985654240855257,NA,0.000985654240855257,0.000985654240855257,0.000985654240855257,0.000985654240855257,0.000985654240855257,0.00204589910728028,NA,0.00204589910728028,0.00204589910728028,0.00204589910728028,0.00204589910728028,0.00204589910728028,0.2,NA,0.2,0.2,0.2,0.2,0.2,0.2,NA,0.2,0.2,0.2,0.2,0.2,0.200000000849879,NA,0.200000000849879,0.200000000849879,0.200000000849879,0.200000000849879,0.200000000849879
24,"irregular","narrow_peak",0,"correlated",0.999999886979322,NA,0.999999886979322,0.999999886979322,0.999999886979322,0.999999886979322,0.999999886979322,0.0434782559556227,NA,0.0434782559556227,0.0434782559556227,0.0434782559556227,0.0434782559556227,0.0434782559556227,0.00249999971744831,NA,0.00249999971744831,0.00249999971744831,0.00249999971744831,0.00249999971744831,0.00249999971744831,0.00694964629130089,NA,0.00694964629130089,0.00694964629130089,0.00694964629130089,0.00694964629130089,0.00694964629130089,0.2,NA,0.2,0.2,0.2,0.2,0.2,0.2,NA,0.2,0.2,0.2,0.2,0.2,0.200000004848853,NA,0.200000004848853,0.200000004848853,0.200000004848853,0.200000004848853,0.200000004848853
48,"irregular","narrow_peak",0,"correlated",0.920730761826448,NA,0.920730761826448,0.920730761826448,0.920730761826448,0.920730761826448,0.920730761826448,0.0195900162090734,NA,0.0195900162090734,0.0195900162090734,0.0195900162090734,0.0195900162090734,0.0195900162090734,0.00230182690456612,NA,0.00230182690456612,0.00230182690456612,0.00230182690456612,0.00230182690456612,0.00230182690456612,0.00700627280245221,NA,0.00700627280245221,0.00700627280245221,0.00700627280245221,0.00700627280245221,0.00700627280245221,0.2,NA,0.2,0.2,0.2,0.2,0.2,0.2,NA,0.2,0.2,0.2,0.2,0.2,0.200000004114016,NA,0.200000004114016,0.200000004114016,0.200000004114016,0.200000004114016,0.200000004114016
96,"irregular","narrow_peak",0,"correlated",0.996011436647925,NA,0.996011436647925,0.996011436647925,0.996011436647925,0.996011436647925,0.996011436647925,0.0104843309120834,NA,0.0104843309120834,0.0104843309120834,0.0104843309120834,0.0104843309120834,0.0104843309120834,0.00249002859161981,NA,0.00249002859161981,0.00249002859161981,0.00249002859161981,0.00249002859161981,0.00249002859161981,0.00735978025626348,NA,0.00735978025626348,0.00735978025626348,0.00735978025626348,0.00735978025626348,0.00735978025626348,0.2,NA,0.2,0.2,0.2,0.2,0.2,0.2,NA,0.2,0.2,0.2,0.2,0.2,0.200000004959838,NA,0.200000004959838,0.200000004959838,0.200000004959838,0.200000004959838,0.200000004959838
6,"regular","narrow_peak",0,"correlated",0.479652268830045,NA,0.479652268830045,0.479652268830045,0.479652268830045,0.479652268830045,0.479652268830045,0.095930453766009,NA,0.095930453766009,0.095930453766009,0.095930453766009,0.095930453766009,0.095930453766009,0.00119913067207511,NA,0.00119913067207511,0.00119913067207511,0.00119913067207511,0.00119913067207511,0.00119913067207511,0.00189599206785069,NA,0.00189599206785069,0.00189599206785069,0.00189599206785069,0.00189599206785069,0.00189599206785069,0.2,NA,0.2,0.2,0.2,0.2,0.2,0.2,NA,0.2,0.2,0.2,0.2,0.2,0.200000000021293,NA,0.200000000021293,0.200000000021293,0.200000000021293,0.200000000021293,0.200000000021293
12,"regular","narrow_peak",0,"correlated",0.611512508612166,NA,0.611512508612166,0.611512508612166,0.611512508612166,0.611512508612166,0.611512508612166,0.0555920462374696,NA,0.0555920462374696,0.0555920462374696,0.0555920462374696,0.0555920462374696,0.0555920462374696,0.00152878127153041,NA,0.00152878127153041,0.00152878127153041,0.00152878127153041,0.00152878127153041,0.00152878127153041,0.00350754043183954,NA,0.00350754043183954,0.00350754043183954,0.00350754043183954,0.00350754043183954,0.00350754043183954,0.2,NA,0.2,0.2,0.2,0.2,0.2,0.2,NA,0.2,0.2,0.2,0.2,0.2,0.200002351163281,NA,0.200002351163281,0.200002351163281,0.200002351163281,0.200002351163281,0.200002351163281
24,"regular","narrow_peak",0,"correlated",0.981501124931573,NA,0.981501124931573,0.981501124931573,0.981501124931573,0.981501124931573,0.981501124931573,0.0426739619535466,NA,0.0426739619535466,0.0426739619535466,0.0426739619535466,0.0426739619535466,0.0426739619535466,0.00245375281232893,NA,0.00245375281232893,0.00245375281232893,0.00245375281232893,0.00245375281232893,0.00245375281232893,0.0067578169460041,NA,0.0067578169460041,0.0067578169460041,0.0067578169460041,0.0067578169460041,0.0067578169460041,0.2,NA,0.2,0.2,0.2,0.2,0.2,0.2,NA,0.2,0.2,0.2,0.2,0.2,0.200000439438816,NA,0.200000439438816,0.200000439438816,0.200000439438816,0.200000439438816,0.200000439438816
48,"regular","narrow_peak",0,"correlated",0.983835110153807,NA,0.983835110153807,0.983835110153807,0.983835110153807,0.983835110153807,0.983835110153807,0.0209326619181661,NA,0.0209326619181661,0.0209326619181661,0.0209326619181661,0.0209326619181661,0.0209326619181661,0.00245958777538452,NA,0.00245958777538452,0.00245958777538452,0.00245958777538452,0.00245958777538452,0.00245958777538452,0.00714751663203944,NA,0.00714751663203944,0.00714751663203944,0.00714751663203944,0.00714751663203944,0.00714751663203944,0.2,NA,0.2,0.2,0.2,0.2,0.2,0.2,NA,0.2,0.2,0.2,0.2,0.2,0.200000763237505,NA,0.200000763237505,0.200000763237505,0.200000763237505,0.200000763237505,0.200000763237505
96,"regular","narrow_peak",0,"correlated",0.997966906444515,NA,0.997966906444515,0.997966906444515,0.997966906444515,0.997966906444515,0.997966906444515,0.0105049148046791,NA,0.0105049148046791,0.0105049148046791,0.0105049148046791,0.0105049148046791,0.0105049148046791,0.00249491726611129,NA,0.00249491726611129,0.00249491726611129,0.00249491726611129,0.00249491726611129,0.00249491726611129,0.00739629342373318,NA,0.00739629342373318,0.00739629342373318,0.00739629342373318,0.00739629342373318,0.00739629342373318,0.2,NA,0.2,0.2,0.2,0.2,0.2,0.2,NA,0.2,0.2,0.2,0.2,0.2,0.200000976533603,NA,0.200000976533603,0.200000976533603,0.200000976533603,0.200000976533603,0.200000976533603
6,"irregular","oscillatory",0,"correlated",0.517379184801835,NA,0.517379184801835,0.517379184801835,0.517379184801835,0.517379184801835,0.517379184801835,0.103475836960367,NA,0.103475836960367,0.103475836960367,0.103475836960367,0.103475836960367,0.103475836960367,0.00129344796200459,NA,0.00129344796200459,0.00129344796200459,0.00129344796200459,0.00129344796200459,0.00129344796200459,0.00151419287892229,NA,0.00151419287892229,0.00151419287892229,0.00151419287892229,0.00151419287892229,0.00151419287892229,0.4,NA,0.4,0.4,0.4,0.4,0.4,0.446287899248645,NA,0.446287899248645,0.446287899248645,0.446287899248645,0.446287899248645,0.446287899248645,0.495420352043198,NA,0.495420352043198,0.495420352043198,0.495420352043198,0.495420352043198,0.495420352043198
12,"irregular","oscillatory",0,"correlated",1.60346763752421,NA,1.60346763752421,1.60346763752421,1.60346763752421,1.60346763752421,1.60346763752421,0.145769785229474,NA,0.145769785229474,0.145769785229474,0.145769785229474,0.145769785229474,0.145769785229474,0.00400866909381054,NA,0.00400866909381054,0.00400866909381054,0.00400866909381054,0.00400866909381054,0.00400866909381054,0.00494269065343745,NA,0.00494269065343745,0.00494269065343745,0.00494269065343745,0.00494269065343745,0.00494269065343745,0.383930797987614,NA,0.383930797987614,0.383930797987614,0.383930797987614,0.383930797987614,0.383930797987614,0.437832114508001,NA,0.437832114508001,0.437832114508001,0.437832114508001,0.437832114508001,0.437832114508001,0.496613337119163,NA,0.496613337119163,0.496613337119163,0.496613337119163,0.496613337119163,0.496613337119163
24,"irregular","oscillatory",0,"correlated",2.98712076917048,NA,2.98712076917048,2.98712076917048,2.98712076917048,2.98712076917048,2.98712076917048,0.129874816050891,NA,0.129874816050891,0.129874816050891,0.129874816050891,0.129874816050891,0.129874816050891,0.0074678019229262,NA,0.0074678019229262,0.0074678019229262,0.0074678019229262,0.0074678019229262,0.0074678019229262,0.00832298456184276,NA,0.00832298456184276,0.00832298456184276,0.00832298456184276,0.00832298456184276,0.00832298456184276,0.325858813826056,NA,0.325858813826056,0.325858813826056,0.325858813826056,0.325858813826056,0.325858813826056,0.4,NA,0.4,0.4,0.4,0.4,0.4,0.518958774775233,NA,0.518958774775233,0.518958774775233,0.518958774775233,0.518958774775233,0.518958774775233
48,"irregular","oscillatory",0,"correlated",3.43527144936452,NA,3.43527144936452,3.43527144936452,3.43527144936452,3.43527144936452,3.43527144936452,0.0730908819013728,NA,0.0730908819013728,0.0730908819013728,0.0730908819013728,0.0730908819013728,0.0730908819013728,0.0085881786234113,NA,0.0085881786234113,0.0085881786234113,0.0085881786234113,0.0085881786234113,0.0085881786234113,0.00958065897765601,NA,0.00958065897765601,0.00958065897765601,0.00958065897765601,0.00958065897765601,0.00958065897765601,0.322215862351409,NA,0.322215862351409,0.322215862351409,0.322215862351409,0.322215862351409,0.322215862351409,0.409970931746067,NA,0.409970931746067,0.409970931746067,0.409970931746067,0.409970931746067,0.409970931746067,0.511793288674061,NA,0.511793288674061,0.511793288674061,0.511793288674061,0.511793288674061,0.511793288674061
96,"irregular","oscillatory",0,"correlated",3.56988380140785,NA,3.56988380140785,3.56988380140785,3.56988380140785,3.56988380140785,3.56988380140785,0.0375777242253458,NA,0.0375777242253458,0.0375777242253458,0.0375777242253458,0.0375777242253458,0.0375777242253458,0.00892470950351963,NA,0.00892470950351963,0.00892470950351963,0.00892470950351963,0.00892470950351963,0.00892470950351963,0.00989304299145999,NA,0.00989304299145999,0.00989304299145999,0.00989304299145999,0.00989304299145999,0.00989304299145999,0.31336423231895,NA,0.31336423231895,0.31336423231895,0.31336423231895,0.31336423231895,0.31336423231895,0.415513312884896,NA,0.415513312884896,0.415513312884896,0.415513312884896,0.415513312884896,0.415513312884896,0.50938354033382,NA,0.50938354033382,0.50938354033382,0.50938354033382,0.50938354033382,0.50938354033382
6,"regular","oscillatory",0,"correlated",0.570633909777092,NA,0.570633909777092,0.570633909777092,0.570633909777092,0.570633909777092,0.570633909777092,0.114126781955418,NA,0.114126781955418,0.114126781955418,0.114126781955418,0.114126781955418,0.114126781955418,0.00142658477444273,NA,0.00142658477444273,0.00142658477444273,0.00142658477444273,0.00142658477444273,0.00142658477444273,0.00155860101666545,NA,0.00155860101666545,0.00155860101666545,0.00155860101666545,0.00155860101666545,0.00155860101666545,0.333874159117097,NA,0.333874159117097,0.333874159117097,0.333874159117097,0.333874159117097,0.333874159117097,0.4,NA,0.4,0.4,0.4,0.4,0.4,0.466125840882903,NA,0.466125840882903,0.466125840882903,0.466125840882903,0.466125840882903,0.466125840882903
12,"regular","oscillatory",0,"correlated",2.08654583153204,NA,2.08654583153204,2.08654583153204,2.08654583153204,2.08654583153204,2.08654583153204,0.189685984684731,NA,0.189685984684731,0.189685984684731,0.189685984684731,0.189685984684731,0.189685984684731,0.0052163645788301,NA,0.0052163645788301,0.0052163645788301,0.0052163645788301,0.0052163645788301,0.0052163645788301,0.00577425299317229,NA,0.00577425299317229,0.00577425299317229,0.00577425299317229,0.00577425299317229,0.00577425299317229,0.310837298997961,NA,0.310837298997961,0.310837298997961,0.310837298997961,0.310837298997961,0.310837298997961,0.4,NA,0.4,0.4,0.4,0.4,0.4,0.489162701002039,NA,0.489162701002039,0.489162701002039,0.489162701002039,0.489162701002039,0.489162701002039
24,"regular","oscillatory",0,"correlated",3.21282291280957,NA,3.21282291280957,3.21282291280957,3.21282291280957,3.21282291280957,3.21282291280957,0.139687952730851,NA,0.139687952730851,0.139687952730851,0.139687952730851,0.139687952730851,0.139687952730851,0.00803205728202393,NA,0.00803205728202393,0.00803205728202393,0.00803205728202393,0.00803205728202393,0.00803205728202393,0.00891443889326222,NA,0.00891443889326222,0.00891443889326222,0.00891443889326222,0.00891443889326222,0.00891443889326222,0.301596257602889,NA,0.301596257602889,0.301596257602889,0.301596257602889,0.301596257602889,0.301596257602889,0.4,NA,0.4,0.4,0.4,0.4,0.4,0.498403742397111,NA,0.498403742397111,0.498403742397111,0.498403742397111,0.498403742397111,0.498403742397111
48,"regular","oscillatory",0,"correlated",3.5049188428934,NA,3.5049188428934,3.5049188428934,3.5049188428934,3.5049188428934,3.5049188428934,0.0745727413381575,NA,0.0745727413381575,0.0745727413381575,0.0745727413381575,0.0745727413381575,0.0745727413381575,0.00876229710723351,NA,0.00876229710723351,0.00876229710723351,0.00876229710723351,0.00876229710723351,0.00876229710723351,0.00973065335791394,NA,0.00973065335791394,0.00973065335791394,0.00973065335791394,0.00973065335791394,0.00973065335791394,0.297580829713915,NA,0.297580829713915,0.297580829713915,0.297580829713915,0.297580829713915,0.297580829713915,0.4,NA,0.4,0.4,0.4,0.4,0.4,0.502419170286085,NA,0.502419170286085,0.502419170286085,0.502419170286085,0.502419170286085,0.502419170286085
96,"regular","oscillatory",0,"correlated",3.57658798738496,NA,3.57658798738496,3.57658798738496,3.57658798738496,3.57658798738496,3.57658798738496,0.0376482946040522,NA,0.0376482946040522,0.0376482946040522,0.0376482946040522,0.0376482946040522,0.0376482946040522,0.0089414699684624,NA,0.0089414699684624,0.0089414699684624,0.0089414699684624,0.0089414699684624,0.0089414699684624,0.00993102355937721,NA,0.00993102355937721,0.00993102355937721,0.00993102355937721,0.00993102355937721,0.00993102355937721,0.295712924663234,NA,0.295712924663234,0.295712924663234,0.295712924663234,0.295712924663234,0.295712924663234,0.4,NA,0.4,0.4,0.4,0.4,0.4,0.504287075336766,NA,0.504287075336766,0.504287075336766,0.504287075336766,0.504287075336766,0.504287075336766
6,"irregular","flat",0.002,"correlated",0.0048598514688108,0.00161823720337824,0.00134741582821718,0.00944942341928739,0.00246308313834833,0.0047144573062286,0.0075615242289972,0.000971970293762159,0.000323647440675649,0.000269483165643436,0.00188988468385748,0.000492616627669666,0.000942891461245721,0.00151230484579944,1.2149628672027e-05,4.04559300844561e-06,3.36853957054295e-06,2.36235585482185e-05,6.15770784587082e-06,1.17861432655715e-05,1.8903810572493e-05,1.66400950710329e-05,5.55275253914835e-06,5.96537423859973e-06,3.03716557028895e-05,9.46565111476723e-06,1.60168631157386e-05,2.73633577132799e-05,0.299308045978921,0.00176360577816892,0.294877513850603,0.302640476658583,0.29630914501254,0.299242910283633,0.302050494958726,0.300005693535609,0.00169913105986861,0.295921067126502,0.303093327882416,0.296860300853425,0.300006479206585,0.302466877398758,0.300688641258319,0.00168726163498757,0.296880204485846,0.303588309568974,0.297549933646234,0.300840901091964,0.303263718538977
12,"irregular","flat",0.002,"correlated",0.0102346793066076,0.00228408348504408,0.00536257829129455,0.0155493204333528,0.00713064533712357,0.010454518752797,0.0144279671557771,0.000930425391509786,0.000207643953185825,0.000487507117390414,0.00141357458485025,0.000648240485193052,0.000950410795708815,0.00131163337779792,2.55866982665191e-05,5.7102087126102e-06,1.34064457282364e-05,3.88733010833819e-05,1.78266133428089e-05,2.61362968819924e-05,3.60699178894428e-05,3.90428667579817e-05,1.11297453659304e-05,1.95291475370284e-05,8.03754252235131e-05,2.44273033422547e-05,3.69658605847659e-05,5.77381992253193e-05,0.299429683399996,0.00156120633054725,0.295708934896289,0.302952303392096,0.297029085703576,0.299592722124843,0.302065772723289,0.300258653704741,0.00146815624756721,0.296242789311178,0.30356142937373,0.297559740544321,0.300271585687859,0.30270966541772,0.301058083737789,0.00146472739912024,0.296811977561692,0.304228698569868,0.2986741131883,0.301169010735779,0.303392606180419
24,"irregular","flat",0.002,"correlated",0.0236150228408217,0.00318638194214803,0.0151270150266069,0.0308714656401964,0.0190037379964536,0.0237623680246095,0.029087167665356,0.00102674012351399,0.000138538345310784,0.000657696305504648,0.00134223763653028,0.000826249478106676,0.00103314643585259,0.00126465946371113,5.90375571020544e-05,7.96595485537007e-06,3.78175375665173e-05,7.71786641004911e-05,4.75093449911339e-05,5.94059200615239e-05,7.27179191633901e-05,9.07500611817915e-05,1.6284830983509e-05,6.13234735217255e-05,0.000130245636556527,6.63519936852184e-05,9.13363975781809e-05,0.000116355807053224,0.298644415099401,0.00114605860948058,0.296134377781094,0.301124121152667,0.297027223893995,0.298733908240977,0.300520517544387,0.299754454352672,0.00114392590069175,0.296440552487549,0.302482536141772,0.297994847649062,0.299814752366149,0.30150249244422,0.300820761837888,0.00118329304524269,0.297135891197479,0.303071627719959,0.298907094807428,0.300852559884309,0.302676202145443
48,"irregular","flat",0.002,"correlated",0.0486267881334344,0.00545763616497274,0.0381515779262979,0.0574181432859232,0.0408932069794329,0.048323550245645,0.0562179419188617,0.00103461251347733,0.000116119918403675,0.000811735700559529,0.00122166262310475,0.000870068233604956,0.00102816064352436,0.00119612642380557,0.000121566970333586,1.36440904124319e-05,9.53789448157447e-05,0.000143545358214808,0.000102233017448582,0.000120808875614112,0.000140544854797154,0.000198000406238887,3.11855713873548e-05,0.000140083245337269,0.000282265328024365,0.00015170087819389,0.000199050323053133,0.000254660792491392,0.298521228226529,0.000856375773116715,0.296574049252272,0.300729927302455,0.29703560381968,0.29858109688473,0.299907585792399,0.299861466342801,0.000852804666216388,0.297664636298625,0.303299247563956,0.298758716494827,0.299810086353701,0.301109551232493,0.301064734987266,0.000874027009629169,0.299447912858234,0.304174015309448,0.299769720243901,0.300873541056114,0.302388808105556
96,"irregular","flat",0.002,"correlated",0.0955162947903524,0.00710793079163833,0.0825234064770162,0.114930808021942,0.0850734624036762,0.0952358687047701,0.108600230660214,0.00100543468200371,7.48203241225087e-05,0.000868667436600171,0.00120979797917834,0.000895510130565012,0.00100248282847126,0.0011431603227391,0.000238790736975881,1.77698269790958e-05,0.000206308516192541,0.000287327020054855,0.00021268365600919,0.000238089671761925,0.000271500576650536,0.00038985850508199,5.00608246364054e-05,0.000312200281095387,0.000528747973149839,0.000322415608072012,0.000378705846636017,0.000508003780096453,0.298719986102439,0.000612228118627297,0.297189186940838,0.300095476507397,0.297622448011321,0.298676174364788,0.299590688615596,0.299969514412131,0.000635096140719658,0.298425061502162,0.301268787826189,0.298781661216967,0.299961016967385,0.300842733472473,0.301187058455346,0.000646241306264986,0.299754277514901,0.30240044448254,0.300211004974519,0.301286053401959,0.302099944047466
6,"regular","flat",0.002,"correlated",0.00512058717935702,0.0015664625458602,0.00175415153499348,0.00949578243840188,0.00316338590150992,0.00492213963160493,0.00775709785291069,0.0010241174358714,0.00031329250917204,0.000350830306998695,0.00189915648768038,0.000632677180301983,0.000984427926320985,0.00155141957058214,1.28014679483926e-05,3.9161563646505e-06,4.38537883748369e-06,2.37394560960047e-05,7.90846475377479e-06,1.23053490790123e-05,1.93927446322767e-05,1.53293871396675e-05,4.50025919086298e-06,5.88732549999238e-06,2.85828994248844e-05,9.2547082282066e-06,1.50932728368697e-05,2.2229980359412e-05,0.299284569636128,0.00170243104790234,0.29455644183091,0.302489527593138,0.296502230688633,0.299420599094399,0.302110187659003,0.300014281784258,0.00174338814106255,0.295829728215541,0.303335171817862,0.296968450414727,0.299976358424414,0.302728659686851,0.300747331200419,0.00181683962222917,0.297055091360264,0.303816162901349,0.297530444064753,0.300619551978133,0.303421951386575
12,"regular","flat",0.002,"correlated",0.0106989589467998,0.00252872711095576,0.0063682362280304,0.0167444305868347,0.00684942886746618,0.010354474941912,0.0156661924426981,0.000972632631527252,0.00022988428281416,0.000578930566184582,0.00152222096243952,0.000622675351587835,0.000941315903810179,0.00142419931297256,2.67473973669994e-05,6.32181777738941e-06,1.5920590570076e-05,4.18610764670868e-05,1.71235721686655e-05,2.58861873547799e-05,3.91654811067453e-05,3.28735302852582e-05,7.31395772814169e-06,1.98440076781814e-05,5.22828529088729e-05,2.24459607276681e-05,3.30714980977337e-05,4.63376558239334e-05,0.298868298636167,0.00137061333755011,0.296434687254729,0.302215843456106,0.296852721902238,0.298754860754129,0.301188587434755,0.299831413092769,0.00132317280299892,0.297392232063572,0.303041039439278,0.297903198935283,0.29961427983407,0.302387595542295,0.300719868965541,0.00140493162255168,0.298019628619228,0.304176640403633,0.298781640138078,0.300593692103636,0.303067260817538
24,"regular","flat",0.002,"correlated",0.0234753279838522,0.00352174390841468,0.0159935932713878,0.0316988746650279,0.0180392632259172,0.023493414317648,0.0293476856603864,0.00102066643408053,0.000153119300365856,0.000695373620495123,0.00137821194195774,0.000784315792431182,0.00102145279641948,0.00127598633306028,5.86883199596304e-05,8.8043597710367e-06,3.99839831784696e-05,7.92471866625698e-05,4.5098158064793e-05,5.87335357941199e-05,7.33692141509659e-05,7.1393026389599e-05,9.94054145324048e-06,4.71001574663189e-05,9.36525685973567e-05,5.44383232166309e-05,7.10646558079072e-05,8.74407270840245e-05,0.298804531068748,0.000976205730945084,0.296707987942553,0.301248277869202,0.297306839315701,0.298703395757812,0.300370659578659,0.299931564773164,0.00101353228090525,0.297447646017824,0.302247418421456,0.298562087440333,0.299911995580984,0.301275053636726,0.301003365336435,0.0010581136130153,0.298946949116291,0.303036604292745,0.299165603313245,0.301124049388553,0.302632052714801
48,"regular","flat",0.002,"correlated",0.0460077340300072,0.00512420803086671,0.0339804962965028,0.0562445632456282,0.0374659826097948,0.0459872170008998,0.0529531481548783,0.00097888795808526,0.000109025702784398,0.000722989282904316,0.00119669283501337,0.000797148566165848,0.00097845142555106,0.00112666272669954,0.000115019335075018,1.28105200771668e-05,8.49512407412571e-05,0.000140611408114071,9.36649565244871e-05,0.00011496804250225,0.000132382870387196,0.000143954104232481,1.63255998032917e-05,0.000103365733051313,0.00018699699890844,0.000120202145219479,0.000143726029398953,0.000169011968647707,0.299074100156043,0.000773885307627553,0.297107547995617,0.300754903706232,0.29754989604343,0.299048207937554,0.300134517258616,0.300307327020945,0.00071260101632987,0.298623347351399,0.301694385569822,0.299033423576655,0.300322703911678,0.301418586039717,0.301459962863791,0.000850989033037024,0.299416854652694,0.302994469871541,0.299816144608175,0.3015110574712,0.302672536893372
96,"regular","flat",0.002,"correlated",0.0970651386158861,0.00692025428598997,0.0828167555731901,0.113704607915266,0.0862380727226993,0.097066644538404,0.107928096124265,0.00102173830121985,7.28447819577891e-05,0.000871755321823053,0.00119689060963437,0.000907769186554729,0.00102175415303583,0.00113608522236068,0.000242662846539715,1.73006357149749e-05,0.000207041888932975,0.000284261519788164,0.000215595181806748,0.00024266661134601,0.000269820240310661,0.000303991305551673,2.03579159246417e-05,0.00026759449574418,0.000350219869624689,0.000272832940693797,0.000305571861911927,0.000336380166465456,0.298740814509735,0.000768527581634967,0.29683244925696,0.300529579669382,0.297771964969296,0.298710071361204,0.300042079944019,0.300085141196133,0.000757428923531489,0.298171437390658,0.302150705237441,0.298828174551762,0.300137601347905,0.301115100199562,0.301413510569072,0.000721747477791371,0.299962534331523,0.303143878834,0.300267811566267,0.301446839741481,0.302592965718959
6,"irregular","linear",0.002,"correlated",0.600163032052188,0.00242393678006722,0.593227798309251,0.605635331798087,0.596038194050932,0.600183865739259,0.603407990032486,0.120032606410438,0.000484787356013443,0.11864555966185,0.121127066359617,0.119207638810186,0.120036773147852,0.120681598006497,0.00150040758013047,6.05984195016805e-06,0.00148306949577313,0.00151408832949522,0.00149009548512733,0.00150045966434815,0.00150851997508121,0.00150049583592083,6.06142350187215e-06,0.00148312755105359,0.0015141271392146,0.00149015378916159,0.00150065302884501,0.00150859707083948,0.160684808577282,0.00211279595925729,0.155854572243942,0.165115365813619,0.157197906828248,0.16041316256335,0.164473183246613,0.289044771075919,0.0019213026695489,0.285469421524943,0.293233743924863,0.286480318449365,0.288718300180605,0.292570656006694,0.470829315411181,0.00168540760583738,0.467414728197685,0.475196047973838,0.46809139742758,0.470809551941146,0.473533426048666
12,"irregular","linear",0.002,"correlated",0.599694447703319,0.00226170547493466,0.595501606879144,0.605616285854473,0.596385754801129,0.599204494181371,0.603861493732603,0.0545176770639381,0.000205609588630424,0.0541365097162858,0.0550560259867703,0.0542168868001026,0.0544731358346701,0.0548964994302366,0.0014992361192583,5.65426368733666e-06,0.00148875401719786,0.00151404071463618,0.00149096438700282,0.00149801123545343,0.00150965373433151,0.00149981185672126,5.69030835468029e-06,0.00148898145093735,0.00151477103209754,0.00149148252180905,0.00149851567994968,0.00151060818654384,0.157384156456302,0.00166274491114681,0.154129171216317,0.162504329494699,0.154668578133822,0.157382815049613,0.159660557950715,0.285076705546586,0.00198928385503424,0.280552833342959,0.288523058898959,0.281600137759137,0.28512584057522,0.288368153630936,0.46815873485311,0.0023926945207025,0.461888645618098,0.47336437102771,0.464525813854185,0.468032445406342,0.472142058501341
24,"irregular","linear",0.002,"correlated",0.599760104143345,0.00274410726710763,0.593697941273446,0.606474755863257,0.595019976733081,0.599938211456462,0.603458610575752,0.026076526267102,0.000119309011613376,0.0258129539684107,0.0263684676462286,0.0258704337710035,0.0260842700633244,0.0262373308945979,0.00149940026035836,6.86026816776908e-06,0.00148424485318362,0.00151618688965814,0.0014875499418327,0.00149984552864115,0.00150864652643938,0.00150214629298818,6.88931207477873e-06,0.00148699058459063,0.00151737753625786,0.00149061825297855,0.00150218897910278,0.00151375440119742,0.156865612062794,0.00201874999726497,0.152448570604322,0.160828281884901,0.153624031965508,0.156856541258384,0.16050357508454,0.284592022037998,0.00167305712548714,0.278840489074704,0.288512816887273,0.282212025030198,0.284732884532704,0.286764403967594,0.467799678218494,0.00174779253619494,0.464195434509687,0.473004621397733,0.46516089674994,0.467588564258112,0.470406808157379
48,"irregular","linear",0.002,"correlated",0.600311156939145,0.00326073032317502,0.592308232651511,0.607641179629479,0.596015114861003,0.600166923789992,0.606564625125331,0.0127725778072158,6.93772409186174e-05,0.0126023028223726,0.0129285357367974,0.0126811726566171,0.0127695090168084,0.0129056303218156,0.00150077789234786,8.15182580793756e-06,0.00148077058162878,0.0015191029490737,0.00149003778715251,0.00150041730947498,0.00151641156281333,0.00151145770864714,9.77359677855529e-06,0.00148921056330318,0.00153679138639278,0.00149876705624687,0.00150949664520656,0.00152968098952823,0.157254795517727,0.0018476213696873,0.152391108408277,0.161135680901729,0.154573071896273,0.157659316011044,0.15946344991162,0.285251367892666,0.00219877460070736,0.280229605625462,0.290363266074393,0.281171620690378,0.28506619192792,0.288678814286522,0.46745346804839,0.00209711443339759,0.461853352950493,0.471104846771721,0.464149660367354,0.467600461380845,0.470411984512714
96,"irregular","linear",0.002,"correlated",0.602676391957124,0.00263564593281592,0.597800065690126,0.607501079620415,0.598387344845671,0.603028363713193,0.606808254347037,0.0063439620206013,2.77436413980623e-05,0.00629263227042238,0.00639474820653068,0.00629881415627022,0.00634766698645467,0.00638745530891618,0.00150669097989281,6.5891148320398e-06,0.00149450016422531,0.00151875269905104,0.00149596836211418,0.00150757090928298,0.00151702063586759,0.00155262094001374,1.61477072261618e-05,0.00152962355181897,0.00160578872727817,0.00153215118292117,0.00155027952165776,0.00157643526915686,0.156917376845829,0.00203686705640652,0.150606511508726,0.16253107513956,0.15379756929436,0.156877109056112,0.159759760904668,0.284338974061846,0.00165208414541394,0.280750148936928,0.287525015287324,0.281562783916399,0.284315977735248,0.286846214110054,0.467598494924211,0.00186172611169874,0.463977032694351,0.471271920379257,0.464700787624368,0.467272657795854,0.470766619921411
6,"regular","linear",0.002,"correlated",0.599728411071435,0.00231679552548499,0.595106919110849,0.604953320257021,0.596300986432373,0.599974902063673,0.603896230605209,0.119945682214287,0.000463359105096998,0.11902138382217,0.120990664051404,0.119260197286475,0.119994980412735,0.120779246121042,0.00149932102767859,5.79198881371246e-06,0.00148776729777712,0.00151238330064255,0.00149075246608093,0.00149993725515918,0.00150974057651302,0.00149939113397678,5.78898228860041e-06,0.00148804418639887,0.00151247216486648,0.00149077079927316,0.00149999393800718,0.00150982862435824,0.249607491431461,0.00190628282308973,0.244505963405206,0.254220831150939,0.246520143158016,0.249523747932601,0.252350033759461,0.399663244930675,0.00204738595261925,0.395416096985416,0.403525450549331,0.396194904091407,0.399553688922228,0.402547909203293,0.549781389955993,0.00196441752015093,0.54533060384605,0.553123586408947,0.546607259318188,0.549858670100294,0.552549482555373
12,"regular","linear",0.002,"correlated",0.600382331159709,0.00255146879259218,0.594254321124797,0.604986543362715,0.596486759534574,0.600458959621949,0.604723144858463,0.0545802119236099,0.00023195170841747,0.0540231201022543,0.0549987766693377,0.0542260690485976,0.0545871781474499,0.0549748313507693,0.00150095582789927,6.37867198148044e-06,0.00148563580281199,0.00151246635840679,0.00149121689883644,0.00150114739905487,0.00151180786214616,0.00150131810073664,6.39101034695377e-06,0.00148584897200793,0.00151285610861915,0.00149160967222414,0.00150164451424129,0.00151224410637492,0.249677365331381,0.00172764823063769,0.245263653801264,0.253664647092497,0.246828164413126,0.24966075171893,0.252419851653781,0.399786526193295,0.00214168580333143,0.393925184356508,0.405291822971821,0.39696542275731,0.399800265874898,0.403507385782182,0.549980365724064,0.00181884726887202,0.54512339888617,0.554417215951938,0.547135034577368,0.550029626379965,0.552732714177254
24,"regular","linear",0.002,"correlated",0.600487089974421,0.00268029092251748,0.5957512533002,0.607011923503672,0.596133821402222,0.600587925005922,0.604514210712079,0.026108134346714,0.000116534387935543,0.0259022284043565,0.0263918227610292,0.0259188618000966,0.0261125184785184,0.0262832265526991,0.00150121772493605,6.70072730629369e-06,0.0014893781332505,0.00151752980875918,0.00149033455350555,0.00150146981251481,0.0015112855267802,0.00150287325014401,6.78832783845979e-06,0.00149091571558902,0.00151919974187543,0.00149226235117036,0.00150317469383428,0.00151363742976614,0.249956563655372,0.00186208030340367,0.24673655389665,0.254667276927201,0.247111153107877,0.249570835543975,0.253024133596181,0.400394222929328,0.00172529097544957,0.395009464410392,0.404073832396911,0.39775863285203,0.400473981069676,0.402896171270668,0.549851762793795,0.00187349515748986,0.545541172031426,0.553322490453465,0.546748982683548,0.549813200704265,0.552981273029644
48,"regular","linear",0.002,"correlated",0.599869847702853,0.00274731452837553,0.594740480662102,0.607611519510667,0.596039840095614,0.599118035260513,0.604652033569977,0.0127631882489969,5.84535006037346e-05,0.0126540527800447,0.0129279046704397,0.0126816987254386,0.0127471922395854,0.0128649368844676,0.00149967461925713,6.86828632093881e-06,0.00148685120165526,0.00151902879877667,0.00149009960023904,0.00149779508815128,0.00151163008392494,0.00150743147251752,7.13108660929742e-06,0.00149495072980764,0.00152737402354472,0.00149714747771171,0.00150632693007676,0.00151875316678314,0.249934881716778,0.00203722275375131,0.244337526001072,0.25445891786291,0.246611737560855,0.250163354228558,0.252969382194433,0.40059582347673,0.00196098864359366,0.395581433243426,0.405173891409878,0.397547368169039,0.400704213902986,0.403677599831122,0.549982853931048,0.00221492493637381,0.544517884411324,0.555098748837585,0.546879384410921,0.549970522504612,0.554104480823645
96,"regular","linear",0.002,"correlated",0.600216188138313,0.00298078063894631,0.594798712606855,0.607364096375238,0.595246261743495,0.60024303667889,0.605036587661272,0.00631806513829803,3.1376638304698e-05,0.00626103908007215,0.00639330627763408,0.00626575012361574,0.00631834775451463,0.00636880618590812,0.00150054047034578,7.45195159736577e-06,0.00148699678151714,0.00151841024093809,0.00148811565435874,0.00150060759169723,0.00151259146915318,0.00152965722835816,8.59554005778724e-06,0.00151485246888003,0.00155047129502183,0.00151647684503478,0.00152834924967512,0.00154433345799121,0.250175766522711,0.00182293317584007,0.246099331820563,0.253719082085546,0.247505420586277,0.249808543439711,0.25318613571927,0.400211457212847,0.00166815544415797,0.396053541018692,0.403851061611819,0.397639756969573,0.400259600920829,0.40300914684293,0.55031495426695,0.00186985716802987,0.543991335306175,0.55371576593183,0.547634627849067,0.550484385295982,0.553236131787162
6,"irregular","narrow_peak",0.002,"correlated",0.918682741778127,0.00225973484588015,0.915030621929279,0.924896102884912,0.915510378205272,0.918331671599208,0.922448569683576,0.183736548355625,0.000451946969176031,0.183006124385856,0.184979220576982,0.183102075641054,0.183666334319842,0.184489713936715,0.00229670685444532,5.64933711470041e-06,0.0022875765548232,0.00231224025721228,0.00228877594551318,0.00229582917899802,0.00230612142420894,0.00334905938800371,5.75894252142989e-06,0.00334003578194016,0.00336572165812329,0.00334117203645492,0.00334847701303298,0.0033580438373387,0.199533466713722,0.00172157582455698,0.195322248042155,0.203314129047393,0.196951583745114,0.199520230744183,0.202360912684264,0.20033596640965,0.00162720202188096,0.196894278697602,0.20417878075964,0.198497867360915,0.200265396884264,0.203257922191382,0.201265179086908,0.00155259506461006,0.197654520344567,0.204518915404239,0.199355742253762,0.200987045168736,0.204269607053577
12,"irregular","narrow_peak",0.002,"correlated",0.401422276364289,0.00289099571815796,0.395453408574681,0.407826512206543,0.396832964960828,0.401148665701094,0.406808138926232,0.0364929342149354,0.000262817792559815,0.0359503098704256,0.0370751374733221,0.036075724087348,0.0364680605182813,0.0369825580842029,0.00100355569091072,7.22748929539491e-06,0.000988633521436703,0.00101956628051636,0.00099208241240207,0.00100287166425273,0.00101702034731558,0.00204622937220802,1.06947287119753e-05,0.00202431806609305,0.00206921354282087,0.00203196113922829,0.00204377029350908,0.00206593886502657,0.199388097375537,0.0013679609657086,0.196840265939403,0.202163379123387,0.197460026819503,0.199236584221292,0.201305081037076,0.200475523607737,0.00155153233950249,0.197691761430855,0.203667558091729,0.198210119826497,0.200505010730844,0.203368952438451,0.20165432113205,0.00158967463641924,0.198423050435524,0.205185075496726,0.199060969364975,0.201723292057227,0.204848203417178
24,"irregular","narrow_peak",0.002,"correlated",1.01908022636593,0.00469380443314813,1.00752714637187,1.03016133286384,1.01225952414031,1.01891331406447,1.02663037940133,0.0443078359289533,0.000204078453615137,0.0438055281031246,0.0447896231679932,0.0440112836582742,0.0443005788723684,0.0446361034522318,0.00254770056591481,1.17345110828703e-05,0.00251881786592966,0.00257540333215961,0.00253064881035077,0.00254728328516119,0.00256657594850333,0.00694772851870058,1.277184839767e-05,0.00690969920992175,0.00697489376651146,0.0069308968077397,0.00694720213754856,0.00697129978383329,0.199151172754668,0.00105216684794279,0.196724712977443,0.201472164984072,0.197631228306624,0.199163427538468,0.200802187382156,0.200554135032857,0.00112723260919414,0.197651056328551,0.203074070467856,0.199096232798322,0.200624406432776,0.202114624146039,0.202069137966626,0.0012030367744341,0.199017407876886,0.20473451245086,0.200288601543704,0.201839780374022,0.204024018009228
48,"irregular","narrow_peak",0.002,"correlated",0.959214692504248,0.00544162111663057,0.947631740133403,0.971820936819801,0.950796042115753,0.958393236224521,0.967652947060042,0.0204088232447712,0.000115779172694267,0.0201623774496469,0.0206770412089319,0.0202297030237394,0.0203913454515856,0.0205883605757456,0.00239803673126062,1.36040527915764e-05,0.00236907935033351,0.0024295523420495,0.00237699010528938,0.0023959830905613,0.0024191323676501,0.00701165113268037,1.63173158110218e-05,0.00697601551100662,0.00707089927958104,0.00698886077570451,0.00701054539256332,0.00703372332287392,0.19890965615833,0.000851443407119744,0.196844619231475,0.200573775006937,0.197564179294103,0.198963348092425,0.200139302340117,0.200317889478509,0.000748416968174526,0.198309233768303,0.20209684290088,0.199331627900128,0.200312763560568,0.201538313866454,0.201985459877345,0.00111015183394738,0.200354193964617,0.206641196281915,0.20059718259428,0.201855242681669,0.203701110475951
96,"irregular","narrow_peak",0.002,"correlated",1.07444812292821,0.00723785499760919,1.06173456394935,1.0908429304793,1.06346541214363,1.07413029661731,1.08632942035339,0.0113099802413496,7.61879473432546e-05,0.01117615330473,0.01148255716294,0.0111943727594066,0.0113066347012349,0.0114350465300357,0.00268612030732053,1.8094637494023e-05,0.00265433640987336,0.00272710732619826,0.00265866353035907,0.00268532574154328,0.00271582355088347,0.00736318717713442,2.30435845701879e-05,0.00731487664411913,0.00742387502341954,0.00732810475509621,0.00736294103251606,0.007402610648303,0.198981284565965,0.000752847392524075,0.196574543871572,0.201035220494493,0.197886717631002,0.19895081949895,0.199952416913111,0.200513858652198,0.000656162168204741,0.198686285238,0.202017326536567,0.199460471917108,0.20056629616643,0.201462558932806,0.202225763742211,0.000703253516438581,0.200461192161326,0.203763213885719,0.201031611887476,0.202114954935521,0.20327264998616
6,"regular","narrow_peak",0.002,"correlated",0.483187863154802,0.00210797394983755,0.478486452935408,0.488257389531893,0.480002684689726,0.482878870067065,0.486957760015412,0.0966375726309604,0.00042159478996751,0.0956972905870816,0.0976514779063787,0.0960005369379453,0.096575774013413,0.0973915520030824,0.001207969657887,5.26993487459387e-06,0.00119621613233852,0.00122064347382973,0.00120000671172432,0.00120719717516766,0.00121739440003853,0.00189641144887305,7.32380703987227e-06,0.00187527227485754,0.00191639748835485,0.00188655159848816,0.0018965159653452,0.00190878278702584,0.199360997245541,0.00151005463881921,0.196120731549848,0.204054319594074,0.19678963150364,0.19952882918639,0.201407775333273,0.200193406987956,0.00145776166098411,0.197407593069991,0.204270568312464,0.197647330641036,0.200173474661844,0.202299616932057,0.20112681002554,0.00151586024500481,0.198229368286586,0.205132598021857,0.198610911102971,0.200906258509529,0.203123125438163
12,"regular","narrow_peak",0.002,"correlated",0.619840869314821,0.00372683529468458,0.613925917281725,0.627543647558971,0.614645308049095,0.619251336723915,0.626863600873472,0.056349169937711,0.000338803208607689,0.0558114470256113,0.057049422505361,0.0558768461862814,0.0562955760658105,0.0569876000794066,0.00154960217328705,9.31708823671145e-06,0.00153481479320431,0.00156885911889743,0.00153661327012274,0.00154812834180979,0.00156715900218368,0.00350656390972859,1.08203209384059e-05,0.00348686279466334,0.00352870899074182,0.00348940406608519,0.00350576413713362,0.00352596451197353,0.19891505070579,0.00173151874752438,0.194843304869385,0.202665841955267,0.196269378639812,0.199096834183261,0.201693719880028,0.200351342280144,0.00167869423873963,0.196715318943078,0.20352701207683,0.197692445527698,0.200465585285887,0.203073002700117,0.20174515587454,0.00167413003432537,0.197168139094798,0.205210329722799,0.199082539382296,0.201810966955709,0.203986938971821
24,"regular","narrow_peak",0.002,"correlated",0.998866006488281,0.00460595696639942,0.989528838595076,1.00991215853746,0.992338104207027,0.998295768529786,1.00582074565525,0.0434289568038383,0.000200258998539105,0.0430229929823946,0.0439092242842373,0.0431451349655229,0.0434041638491211,0.0437313367676196,0.0024971650162207,1.15148924159985e-05,0.00247382209648769,0.00252478039634365,0.00248084526051757,0.00249573942132447,0.00251455186413813,0.00675614159182641,1.79884957344751e-05,0.00672435178947848,0.00679722417372172,0.00672986425672891,0.00675342297133323,0.0067852823601241,0.199099959078944,0.00139044595821195,0.19358739601024,0.201194252902532,0.197006377139706,0.199333188492599,0.200785019677627,0.200355133538501,0.00126552438062552,0.196110783097998,0.202600558559415,0.198294953061897,0.200478452474892,0.202189534769878,0.201756731196703,0.00114072561227314,0.198333684417122,0.203995486655957,0.199970940703916,0.20173506433222,0.203543258302237
48,"regular","narrow_peak",0.002,"correlated",1.02190723474696,0.0050180024900157,1.00930545591274,1.0352714115078,1.01529666862444,1.02242101143158,1.02865448696527,0.0217427071222757,0.000106766010425866,0.0214745841683562,0.0220270513086766,0.0216020567792434,0.0217536385410975,0.0218862656801122,0.0025547680868674,1.25450062250393e-05,0.00252326363978186,0.0025881785287695,0.0025382416715611,0.00255605252857895,0.00257163621741318,0.00715333114774206,2.02949486633583e-05,0.00709864176486669,0.00720164911081516,0.00711504203990129,0.00715548488656325,0.0071809708852761,0.199082211405589,0.00090877818122931,0.19681130231286,0.200631817217187,0.197817879947608,0.199045050424379,0.200388977514023,0.200573275817242,0.000879802179136069,0.198039669592861,0.202272458890873,0.199202812260602,0.20065277548508,0.201838838108069,0.202378284118546,0.00100402397242775,0.200245431992217,0.204622968232704,0.200909737133766,0.202452726886878,0.204188430988247
96,"regular","narrow_peak",0.002,"correlated",1.07494103030652,0.00870621731873471,1.05864160308807,1.0983235308055,1.06453665155764,1.0745603659533,1.09250379788592,0.0113151687400686,9.16443928287864e-05,0.0111435958219797,0.0115613003242684,0.0112056489637646,0.0113111617468769,0.0115000399777465,0.0026873525757663,2.17655432968367e-05,0.00264660400772018,0.00274580882701375,0.0026613416288941,0.00268640091488325,0.0027312594947148,0.00739909667900649,2.581361368911e-05,0.00734744460269986,0.00746368196064987,0.00735568310586723,0.00740011928642754,0.00743664732132732,0.198965972776691,0.000653587140954115,0.19734360360396,0.199939564472621,0.197592727184563,0.199083283804777,0.19977440781355,0.200409506601656,0.000639311931104376,0.19890217351768,0.201546234916933,0.19931953864631,0.200405113909761,0.201332443340782,0.202268595185398,0.000736398048968635,0.200471074875091,0.203662535041796,0.200907281252677,0.202259852332891,0.203329522926609
6,"irregular","oscillatory",0.002,"correlated",0.516625293617297,0.00262390589291119,0.510080487172601,0.522622387536825,0.511974224402957,0.517069585065503,0.519910268856543,0.103325058723459,0.000524781178582239,0.10201609743452,0.104524477507365,0.102394844880591,0.103413917013101,0.103982053771309,0.00129156323404324,6.55976473227798e-06,0.0012752012179315,0.00130655596884206,0.00127993556100739,0.00129267396266376,0.00129977567214136,0.00151216476107427,7.93341330190662e-06,0.00149545043212405,0.00152706537927932,0.00150092008653678,0.00151323273959005,0.00152571240847352,0.399404107029393,0.00198172913080638,0.393946057597723,0.402704687057487,0.395954899530115,0.399564913101496,0.402348912372276,0.446590925094559,0.00194957799820685,0.441195686273756,0.450398449455212,0.443699511847776,0.446931198497198,0.449285374834586,0.495228186137738,0.00220145313892374,0.490561230323736,0.500877559317056,0.492298010915083,0.495495920811608,0.498513198797963
12,"irregular","oscillatory",0.002,"correlated",1.60398714431327,0.00414860344047041,1.59566430709798,1.61281365714364,1.59701515459332,1.60403528499374,1.6109293600993,0.145817013119388,0.000377145767315491,0.145060391554362,0.146619423376694,0.14518319587212,0.145821389544885,0.146448123645391,0.00400996786078318,1.03715086011761e-05,0.00398916076774494,0.00403203414285909,0.0039925378864833,0.00401008821248435,0.00402732340024825,0.00494445397195992,1.48861625369152e-05,0.00491020092450447,0.00497457449689679,0.00491889307684096,0.00494222644962691,0.00496871619088957,0.383459034919327,0.00158128262489599,0.380056342979448,0.387138801892496,0.38066776700309,0.383599124585483,0.385491249789375,0.438273075594003,0.00162196750885388,0.434813329776773,0.442522158142971,0.43613881815589,0.438025481639492,0.441071361935815,0.497346850958902,0.00148888632907159,0.494305535081836,0.500436311563397,0.495096417149912,0.497250831627431,0.499632627919179
24,"irregular","oscillatory",0.002,"correlated",2.9869291046483,0.00567713719995756,2.97637179669686,3.00143348790878,2.97941405190791,2.98582574578098,2.99724237776912,0.129866482810795,0.000246832052172069,0.129407469421603,0.130497108169947,0.1295397413873,0.129818510686129,0.130314885989962,0.00746732276162074,1.41928429998939e-05,0.00744092949174215,0.00750358371977194,0.00744853512976978,0.00746456436445244,0.0074931059444228,0.00832201061398163,1.59679436063283e-05,0.00829188603664853,0.00835911551495451,0.00829843856657346,0.00831979487572762,0.00835127178396177,0.325766882701141,0.00174863424636228,0.322199441347696,0.329243594142911,0.322985568918589,0.325506748099299,0.32864647851812,0.400113751154901,0.00127637697783421,0.397265924903584,0.402928922149544,0.398092122495478,0.400136501288281,0.402141030417853,0.518919440024361,0.00185958406772891,0.514226296234899,0.523396832664988,0.516743648518321,0.518701903322987,0.5221918951076
48,"irregular","oscillatory",0.002,"correlated",3.43591022920726,0.00828246780544325,3.41802746540576,3.45183544330317,3.42145468143419,3.43584885449482,3.45011487440527,0.0731044729618566,0.00017622271926475,0.0727239886256545,0.0734433073043228,0.0727969081156211,0.073103167116911,0.0734066994554312,0.00858977557301815,2.07061695136081e-05,0.00854506866351441,0.00862958860825793,0.00855363670358548,0.00858962213623704,0.00862528718601317,0.00958309045479999,2.05621335943588e-05,0.00953690321736786,0.00962457794176048,0.00954982007638987,0.00958378470458023,0.00961756531460757,0.322213885814991,0.00129139350475113,0.319571919049411,0.325372785915035,0.320285059064448,0.322121733621398,0.324593987845385,0.409916113876117,0.00137209373489958,0.406214962388664,0.412847868970924,0.407757072596111,0.409888788223173,0.412018943507816,0.511843083197011,0.00125122823624625,0.50838020232834,0.51469146020036,0.509846617299954,0.511886153144907,0.513702750852283
96,"irregular","oscillatory",0.002,"correlated",3.57293774184032,0.0116599846279846,3.55062304064142,3.59327435962478,3.55604965091989,3.57163462691903,3.59111590820502,0.0376098709667402,0.000122736680294574,0.0373749793751729,0.0378239406276293,0.0374321015886304,0.0375961539675687,0.0378012200863687,0.0089323443546008,2.91499615699613e-05,0.00887655760160356,0.00898318589906195,0.00889012412729972,0.00892908656729757,0.00897778977051256,0.00990663310616776,2.72112884825206e-05,0.00985247296548529,0.00998349213840537,0.00986252888515873,0.00990545440811244,0.00994781507664206,0.313433483378959,0.0013591203377012,0.309799884782592,0.315405277263113,0.311120309589755,0.313509057337429,0.315209129992176,0.415766210617138,0.000956339599216855,0.413664390029032,0.417517188651647,0.414271129141154,0.415735577454785,0.417267006064455,0.508246647120546,0.00142970345733907,0.505673886763167,0.511603830838125,0.506114565953589,0.508128354876739,0.510896580805411
6,"regular","oscillatory",0.002,"correlated",0.570677590901503,0.00256600367958037,0.565019299338967,0.575339086362082,0.56675734732417,0.570316797031475,0.574932272800149,0.114135518180301,0.000513200735916075,0.113003859867793,0.115067817272416,0.113351469464834,0.114063359406295,0.11498645456003,0.00142669397725376,6.41500919895094e-06,0.00141254824834742,0.0014383477159052,0.00141689336831042,0.00142579199257869,0.00143733068200037,0.00155889566038839,7.01628179993833e-06,0.00154194769669773,0.00157091354914867,0.00154792683133526,0.0015580755683397,0.00156997219246579,0.333943688257354,0.00179350193366484,0.329486178904645,0.338005758688226,0.331311893772353,0.333755803899336,0.336586590159756,0.400310608419654,0.00157481989221522,0.396256741351741,0.403770148708715,0.397701217889289,0.40031605837621,0.402667565873429,0.466714416010458,0.00164849848678247,0.462843543375542,0.470076066907059,0.463937073642756,0.466856586463004,0.469162378200587
12,"regular","oscillatory",0.002,"correlated",2.08624541124011,0.00413729941131437,2.07764856697343,2.09489649452629,2.07945553741936,2.08631207935676,2.09251582753626,0.189658673749101,0.000376118128301305,0.18887714245213,0.190445135866027,0.189041412492669,0.189664734486978,0.190228711594205,0.00521561352810027,1.03432485282859e-05,0.00519412141743356,0.00523724123631574,0.0051986388435484,0.0052157801983919,0.00523128956884065,0.0057733161015989,9.92871664338764e-06,0.00575297533562743,0.00579385065479279,0.00575599654688073,0.00577308145795648,0.00578743090944372,0.3109125168796,0.00174804045506081,0.306342224025454,0.314737448686413,0.308636324912164,0.310882526346226,0.313445321163601,0.400074249815575,0.00183071168468657,0.393930266186466,0.403873341929536,0.397163069575195,0.400155922215797,0.402694760547654,0.489229125138079,0.00187987858923751,0.485176346897815,0.494096440082184,0.486520349208944,0.489186970593062,0.492193156296594
24,"regular","oscillatory",0.002,"correlated",3.21286918675023,0.00588964973863862,3.20041831837001,3.22618631989882,3.20367272843994,3.21279124740559,3.22272710912772,0.139689964641314,0.000256071727766897,0.139148622537827,0.140268970430383,0.139290118627824,0.139686575974156,0.140118569962075,0.00803217296687558,1.47241243465966e-05,0.00800104579592503,0.00806546579974704,0.00800918182109986,0.00803197811851398,0.0080568177728193,0.00891624691479085,1.53237325502454e-05,0.00888183522392183,0.00895268381502986,0.00888951664503358,0.00891735390077395,0.00894233432225561,0.301662548149802,0.00184189437957388,0.29745253219322,0.30539608397322,0.298596871373659,0.301611002872266,0.304727567016137,0.399911275458457,0.00123002222131782,0.396173593699774,0.402566522737903,0.397904856322529,0.400114305151111,0.401170325763862,0.498506009209797,0.00193177738325957,0.493862876349564,0.502075668157595,0.495572269682392,0.498803903961913,0.501446545566027
48,"regular","oscillatory",0.002,"correlated",3.50571908997214,0.00934645401772224,3.48268468175302,3.52316706446604,3.48778586568298,3.50757490014074,3.51997634965439,0.0745897678717477,0.000198860723781324,0.0740996740798515,0.074961001371618,0.0742082099081485,0.0746292531944838,0.0748931138224339,0.00876429772493036,2.33661350443057e-05,0.00870671170438255,0.00880791766116511,0.00871946466420745,0.00876893725035184,0.00879994087413598,0.00973325401911228,2.31823878709839e-05,0.00967704801748201,0.00977408027342751,0.0096948565762097,0.00973585707871981,0.00976802188264226,0.297510199200334,0.00155918259842736,0.294389393071367,0.300234966959828,0.294929292369615,0.297645415597835,0.300098046517181,0.400285928632215,0.00141448109726503,0.398119270002322,0.403534569660621,0.398201691980476,0.400238559178133,0.403020810067204,0.50262274026872,0.00157321145258405,0.498115036634438,0.505089296759913,0.499931402021526,0.502884815712214,0.504608096958317
96,"regular","oscillatory",0.002,"correlated",3.5770205484097,0.0108541620219886,3.55383429853009,3.5981188763065,3.55765166680836,3.57799580116594,3.59568038433784,0.0376528478779968,0.000114254337073564,0.0374087820897904,0.0378749355400684,0.0374489649137722,0.0376631136964836,0.0378492672035562,0.00894255137102425,2.71354050549714e-05,0.00888458574632523,0.00899529719076625,0.00889412916702089,0.00894498950291485,0.00898920096084459,0.00993690440978371,2.38625894877949e-05,0.0098823116341588,0.00999355993366092,0.00989841402048784,0.00993727160348277,0.00998618450598555,0.295823228864563,0.00156494241009344,0.2921888707543,0.298827732586173,0.293076467647156,0.295886844328911,0.298279466068215,0.400182810844747,0.0013641772187528,0.397847730477878,0.403735045718063,0.398200629337611,0.400195083954606,0.402511182179524,0.504479008588982,0.00184625200596802,0.500195325964168,0.508324441613176,0.501489649646139,0.504590290352395,0.507169699245578
6,"irregular","flat",0.01,"correlated",0.0266852562284055,0.00879913721210223,0.0116541133678057,0.0608418249434345,0.0142299349836858,0.0263859892733867,0.0383234475394551,0.00533705124568111,0.00175982744242045,0.00233082267356114,0.0121683649886869,0.00284598699673716,0.00527719785467734,0.00766468950789103,6.67131405710139e-05,2.19978430302556e-05,2.91352834195142e-05,0.000152104562358586,3.55748374592145e-05,6.59649731834667e-05,9.58086188486378e-05,9.16280260204582e-05,2.92603328313619e-05,3.74047452142481e-05,0.000162244901669174,4.98424101019763e-05,8.73720570686401e-05,0.000134383878427721,0.298946067977346,0.00818688687669055,0.282200670120819,0.317880358898599,0.286416454468487,0.299065018210945,0.312843067318949,0.302679340354554,0.00781429724300727,0.285730867506164,0.320883831817465,0.292389809905431,0.302341681193082,0.315918852231871,0.306772856868505,0.00795993585268422,0.286609965649485,0.323664572297223,0.295199675905007,0.307348985663988,0.320469609932353
12,"irregular","flat",0.01,"correlated",0.0510971742315258,0.014391406448251,0.0284340501010573,0.0914435046813217,0.0311914793079779,0.0495381812574274,0.0786637838247456,0.00464519765741143,0.00130830967711373,0.00258491364555066,0.00831304588012016,0.00283558902799799,0.00450347102340249,0.00715125307497688,0.000127742935578814,3.59785161206275e-05,7.10851252526432e-05,0.000228608761703304,7.79786982699448e-05,0.000123845453143569,0.000196659459561864,0.000190608023113085,6.07050568913324e-05,9.90832981157749e-05,0.000379505943222097,0.000109602219633786,0.000183628950565345,0.000305927392235193,0.293860711160433,0.00836559454295045,0.26719196336436,0.30792116044045,0.281724525332275,0.29338927656978,0.305539039945924,0.298475250741851,0.00777616416002545,0.282297112773708,0.314241971885119,0.28721518160605,0.297856234822261,0.310123416854598,0.302722135003536,0.00722016453532669,0.290649875857798,0.319678014078893,0.291371041023222,0.30179288108403,0.315007379948395
24,"irregular","flat",0.01,"correlated",0.114481669575502,0.0184814180884866,0.0542437814261283,0.16094426510605,0.0880936712704142,0.11309591561984,0.138652683216806,0.00497746389458703,0.000803539916890724,0.00235842527939688,0.00699757674374131,0.00383015962045279,0.00491721372260172,0.00602837753116546,0.000286204173938754,4.62035452212166e-05,0.000135609453565321,0.000402360662765125,0.000220234178176035,0.000282739789049599,0.000346631708042014,0.000447833604875786,9.04800016096834e-05,0.00021485610988836,0.000677423787227774,0.000323777538852671,0.000449947970625894,0.000582795107534093,0.294421677125941,0.00611728245440465,0.282942240410716,0.304546972916858,0.284130452220201,0.294981781271227,0.302539835185727,0.299146430645754,0.0055455317156937,0.288841868145344,0.309105582686854,0.289625520188523,0.299380617139493,0.307375422212571,0.304986597519651,0.00555415158279599,0.292026148802426,0.316842912611363,0.296291673301335,0.305983593510599,0.313240412196872
48,"irregular","flat",0.01,"correlated",0.234825650141237,0.0272057887995482,0.180026682439118,0.289335554545811,0.192272742593289,0.236116748279371,0.280430006278758,0.00499629042853695,0.000578846570203153,0.00383035494551315,0.00615607562863428,0.0040909094168785,0.00502376060168874,0.00596659587827145,0.000587064125353092,6.80144719988705e-05,0.000450066706097795,0.000723338886364528,0.000480681856483224,0.000590291870698427,0.000701075015696896,0.000946122913448339,0.000155713792676169,0.000650776687388907,0.00133972030465199,0.00069583640399148,0.000952441753319007,0.00116906450081516,0.293078554843303,0.00476559633382581,0.281449412903564,0.300976416716032,0.283648618935284,0.294252027122957,0.299018699402153,0.299601864130785,0.00472876215383834,0.289587694766137,0.310108288476705,0.290484879512287,0.299848640208731,0.305866227105636,0.305875230320406,0.00447283216173454,0.294452674627797,0.316768543688599,0.297616624121961,0.306298273642335,0.312351345884622
96,"irregular","flat",0.01,"correlated",0.489018934072274,0.0336004127918522,0.420544670304952,0.554726439619414,0.426888723854664,0.488156391611706,0.541504432514621,0.00514756772707657,0.000353688555703708,0.00442678600321002,0.00583922568020435,0.00449356551425962,0.0051384883327548,0.00570004665804865,0.00122254733518069,8.40010319796305e-05,0.00105136167576238,0.00138681609904853,0.00106722180963666,0.00122039097902927,0.00135376108128655,0.00199490552691864,0.000277894553989809,0.00147806818185686,0.00298706145330696,0.00166767463222517,0.00193387314175605,0.00236778067213268,0.293941188473426,0.00331043809213078,0.288454412165109,0.302326340835457,0.289201750598725,0.293378285816876,0.299050700928871,0.300084521475422,0.00339441380337139,0.292532488072571,0.309547324810355,0.296031521241908,0.299528745316207,0.305929013486033,0.306490365285978,0.0036666732305957,0.298701716004166,0.316325040898902,0.301588479155996,0.306181126915062,0.313097292272429
6,"regular","flat",0.01,"correlated",0.0260099006025961,0.00801599154307769,0.01183890991151,0.0432428312009687,0.0148634465483055,0.0260082304177816,0.0401562424652104,0.00520198012051921,0.00160319830861554,0.00236778198230201,0.00864856624019373,0.0029726893096611,0.00520164608355632,0.00803124849304207,6.50247515064902e-05,2.00399788576942e-05,2.95972747787751e-05,0.000108107078002422,3.71586163707638e-05,6.5020576044454e-05,0.000100390606163026,7.80301141192262e-05,2.24778979406314e-05,4.20731381011879e-05,0.000122509177432817,4.67929130878761e-05,7.7087756592841e-05,0.000117306635070422,0.296491314462898,0.00789719154944396,0.27635706959279,0.3169649197057,0.283241530741784,0.295837772275249,0.30831402552414,0.299745935424077,0.00805037335157959,0.27931073287591,0.318840545884668,0.287142050234557,0.300070106940889,0.310628423961719,0.303329376593391,0.00793610471905346,0.283602872999977,0.322462220365209,0.291697595225228,0.303377234498011,0.314139974465064
12,"regular","flat",0.01,"correlated",0.055617071311969,0.0131925407944857,0.0341665772394988,0.0937837458595188,0.0372560317438114,0.0544340976310197,0.0742500386748546,0.00505609739199718,0.0011993218904078,0.00310605247631808,0.00852579507813807,0.00338691197671012,0.0049485543300927,0.00675000351589587,0.000139042678279923,3.29813519862144e-05,8.54164430987471e-05,0.000234459364648797,9.31400793595284e-05,0.000136085244077549,0.000185625096687137,0.000172057403915963,3.90181904229243e-05,0.000101616778349258,0.00029739921035278,0.000120491172486078,0.000165398958185178,0.000233192033996497,0.296059644732271,0.00772096174667019,0.276329432076627,0.320447876577042,0.284220150537372,0.29665540942493,0.307683792000019,0.300445767598998,0.00736054181557554,0.281729323419477,0.324416144678614,0.290205098444059,0.300516417650026,0.311528964638146,0.305131917841451,0.00696336951756686,0.292756442131913,0.330071789256161,0.29536304004967,0.30464076040665,0.315054871740683
24,"regular","flat",0.01,"correlated",0.117803552019976,0.0184415757622699,0.0754115947964404,0.154345878457034,0.0858483474894068,0.118801456131823,0.140770910381261,0.00512189356608589,0.000801807641837823,0.00327876499114958,0.00671069036769715,0.00373253684736551,0.00516528070138359,0.00612047436440267,0.000294508880049939,4.61039394056748e-05,0.000188528986991101,0.000385864696142586,0.000214620868723517,0.000297003640329557,0.000351927275953154,0.000365694952810353,5.07717846991451e-05,0.000256866805354275,0.000470624276683392,0.000281834687810134,0.00036138298289576,0.000450572305646332,0.292997033192127,0.00577804448077364,0.2802667377534,0.305900857247502,0.284335998350975,0.293459292123164,0.303104797159242,0.299030739399878,0.00666569203802144,0.285922141086765,0.317687512712283,0.290261406534498,0.299178052495515,0.309660232440752,0.305150022602567,0.00706222532793917,0.289334257788775,0.322768219918415,0.294725623662764,0.305070420946695,0.315522766371691
48,"regular","flat",0.01,"correlated",0.239246542042316,0.0211448949254917,0.189646833093933,0.282312102934474,0.206805532887758,0.239288414867822,0.270559491336608,0.00509035195834714,0.00044989138139344,0.00403503900199857,0.00600664048796753,0.00440011772101613,0.00509124286952814,0.00575658492205548,0.000598116355105789,5.28622373137292e-05,0.000474117082734831,0.000705780257336185,0.000517013832219396,0.000598221037169556,0.000676398728341519,0.000745938428243007,7.06647905210204e-05,0.000595597248020968,0.000894577756513722,0.000631496717583973,0.000748944666651229,0.00085803863868184,0.294367447218133,0.00498004551825963,0.28184035286644,0.304868878092402,0.287118878128559,0.295568301566023,0.301544860506769,0.300287875231061,0.00508080992607655,0.288338636155454,0.309608868371359,0.292698090174437,0.300795347539785,0.307738893529967,0.306133844513418,0.00480562481462105,0.294434417481819,0.315563899340858,0.298248299730545,0.305295139938907,0.313866240509419
96,"regular","flat",0.01,"correlated",0.479867326588359,0.0389493356445998,0.408015403443394,0.602735054886095,0.427476209602825,0.475615764621876,0.543299137308534,0.00505123501671957,0.000409993006785261,0.00429489898361467,0.00634457952511678,0.00449974957476657,0.00500648173286185,0.00571893828745825,0.0011996683164709,9.73733391114994e-05,0.00102003850860849,0.00150683763721524,0.00106869052400706,0.00118903941155469,0.00135824784327133,0.0014924349319381,0.000108270182427965,0.00130080988719781,0.00174435812921936,0.00132001129130263,0.00148162349137169,0.00167573601254115,0.293093389133491,0.0035965874355666,0.285470473880741,0.302533441706485,0.287014824749864,0.293471798793231,0.298404319371017,0.299600560911739,0.00341066457917947,0.291945914209975,0.308588912487275,0.294295986701323,0.299698170840251,0.305528817849589,0.30629182603791,0.00348475893519786,0.298640969321871,0.315116916244835,0.300520738634522,0.306031083797416,0.312231033603989
6,"irregular","linear",0.01,"correlated",0.60020023881729,0.0137538703510191,0.569271605500581,0.632029059788041,0.579825681275085,0.5973277298543,0.62405292633215,0.120040047763458,0.00275077407020382,0.113854321100116,0.126405811957608,0.115965136255017,0.11946554597086,0.12481058526643,0.00150050059704323,3.43846758775478e-05,0.00142317901375145,0.0015800726494701,0.00144956420318771,0.00149331932463575,0.00156013231583037,0.00150269668686169,3.41261835593031e-05,0.00142508007483332,0.00158149391986127,0.00145191476044633,0.00149483918922454,0.00156223968412024,0.160692313613121,0.0106498806926451,0.13531038057815,0.183134198601822,0.1418277207877,0.161491908218251,0.176658951553434,0.289017730822755,0.0091318277694391,0.267164883807808,0.306191375315044,0.27617574814311,0.288348823374312,0.303593093815664,0.470922359975318,0.00946558221777291,0.453454570736975,0.49812993939485,0.455951508640336,0.469669491417887,0.48768584235629
12,"irregular","linear",0.01,"correlated",0.599441174996841,0.0124884557417451,0.574412854408229,0.628466486037347,0.578594777593512,0.59907104692259,0.618205603691331,0.0544946522724401,0.00113531415834047,0.0522193504007481,0.0571333169124861,0.0525995252357738,0.05446100426569,0.0562005094264847,0.0014986029374921,3.12211393543628e-05,0.00143603213602057,0.00157116621509337,0.00144648694398378,0.00149767761730647,0.00154551400922833,0.00151400287637224,3.39827415527401e-05,0.0014425333926875,0.00159682054813739,0.00145805250479579,0.00151409218620228,0.00155632543645056,0.157235206582962,0.0102840903046953,0.131564163932657,0.17778968876933,0.14203488098252,0.156196915198946,0.176319965644205,0.284860586018723,0.0090404105841084,0.26070673830123,0.306332172144273,0.270262294794868,0.284855522844021,0.299280199309507,0.468118594990868,0.00947164104648524,0.450683362670432,0.494356515154435,0.455362236555422,0.4653383773101,0.4860076958212
24,"irregular","linear",0.01,"correlated",0.60338268949102,0.0122116167029721,0.574857911557713,0.634407015547353,0.583126004278481,0.602251328526451,0.620739730560639,0.0262340299778704,0.000530939856650962,0.0249938222416397,0.0275829137194501,0.025353304533847,0.0261848403707153,0.0269886839374191,0.00150845672372755,3.05290417574303e-05,0.00143714477889428,0.00158601753886838,0.0014578150106962,0.00150562832131613,0.0015518493264016,0.00155755579777354,3.46920437177141e-05,0.00148643241371589,0.00163559814529757,0.00151111429267021,0.00155305869682977,0.00161804640703663,0.15569243798445,0.00988779706851419,0.136913647842428,0.184491925426237,0.141702386983359,0.15358337701382,0.170966655182924,0.285083874108997,0.0101529626734339,0.260643059536492,0.308479343422747,0.266560787584157,0.285737033568518,0.300247405095245,0.46789667955677,0.00785119292300055,0.451114288244222,0.488855599568785,0.456058143028664,0.466705694969663,0.482569797616932
48,"irregular","linear",0.01,"correlated",0.621325625354264,0.0181504447830873,0.585199851202935,0.664276542976941,0.593148482556765,0.62301408880444,0.648234073183074,0.0132196941564737,0.0003861796762359,0.0124510606638922,0.0141335434675945,0.0126201804799312,0.0132556189107328,0.0137922143230441,0.00155331406338566,4.53761119577182e-05,0.00146299962800734,0.00166069135744235,0.00148287120639191,0.0015575352220111,0.00162058518295769,0.00176498635061081,9.78707155415278e-05,0.00162253206974188,0.00208429670432719,0.00163189788940483,0.00175125302746148,0.00192727506350425,0.15687914108605,0.00676113072331926,0.142915702037742,0.171630572605938,0.147207824938081,0.157148665750256,0.16813095633841,0.286418566822804,0.00969869859907727,0.264268114474521,0.30921255512583,0.273681224881395,0.286684679314355,0.302140249717847,0.468181634333221,0.00907045174099761,0.445435157962034,0.48951558918033,0.454396485389726,0.46816423857906,0.480975545634493
96,"irregular","linear",0.01,"correlated",0.734885998281068,0.0260825826800422,0.674910543140826,0.785069622596012,0.692269484788904,0.73448551693468,0.779662058036912,0.00773564208716914,0.000274553501895181,0.00710432150674553,0.00826389076416855,0.00728704720830425,0.00773142649404927,0.00820696903196749,0.00183721499570267,6.52064567001055e-05,0.00168727635785206,0.00196267405649003,0.00173067371197226,0.0018362137923367,0.00194915514509228,0.00249497527315162,0.000243044445284509,0.00211166001682149,0.00333559458096808,0.0022360684840738,0.0024351596257164,0.00298158726554318,0.156065063265757,0.00797438771336937,0.140825035683357,0.169888525705218,0.144321973575446,0.155359390631673,0.168824226799065,0.285521801665538,0.00925819959120296,0.265348077706451,0.309275402083108,0.269050150279894,0.286236675443727,0.301130670134554,0.468077521170852,0.00921278241599346,0.447382279623306,0.486108714299512,0.453913340435686,0.46764732917534,0.483329248222117
6,"regular","linear",0.01,"correlated",0.601256534842616,0.00979222803064571,0.580257959914752,0.623434111223833,0.583289269337582,0.602048948479948,0.616730241267677,0.120251306968523,0.00195844560612914,0.11605159198295,0.124686822244767,0.116657853867516,0.12040978969599,0.123346048253535,0.00150314133710654,2.44805700766143e-05,0.00145064489978688,0.00155858527805958,0.00145822317334396,0.00150512237119987,0.00154182560316919,0.00150492210215864,2.45317114988991e-05,0.0014519362882615,0.0015592896546048,0.00145947597052661,0.00150667841396645,0.00154423363276308,0.245022926782957,0.00832342947834546,0.225293949196477,0.261947656347125,0.23104083283051,0.244202318351417,0.258391146752878,0.395754664512364,0.00776863980992226,0.370297205706426,0.414439641253142,0.382450906187069,0.395886470270659,0.407482303576951,0.546992744338255,0.0084019949202293,0.520351415017418,0.561399300824922,0.531130050882985,0.54831244312681,0.55711238124114
12,"regular","linear",0.01,"correlated",0.599808949522182,0.0124048567000434,0.579761092360941,0.633752626065124,0.581631870622502,0.59741230916712,0.619082274390901,0.0545280863201983,0.00112771424545849,0.0527055538509946,0.0576138750968295,0.0528756246020456,0.0543102099242836,0.0562802067628092,0.00149952237380545,3.10121417501085e-05,0.00144940273090235,0.00158438156516281,0.00145407967655625,0.0014935307729178,0.00154770568597725,0.0015081552217611,3.1156300338439e-05,0.00145399668349813,0.00159566876940266,0.00146352568607748,0.00150555090930901,0.00155245445087397,0.25070421654717,0.00859579290786672,0.234110917653262,0.281655732622701,0.236724108321963,0.249520928047766,0.262417717950532,0.400048247161538,0.00852352855812145,0.38156018691872,0.419286852705707,0.38557161681987,0.399798675445019,0.414596328659176,0.549963846755879,0.0102177025846925,0.524756977132451,0.571611500700725,0.531989928936031,0.550505795262605,0.565641266511367
24,"regular","linear",0.01,"correlated",0.601543829069163,0.0140270765865972,0.572546250055938,0.629479911300947,0.583434735932527,0.600489690298093,0.62652261127793,0.0261540795247462,0.000609872895069443,0.0248933152198234,0.0273686917956934,0.0253667276492403,0.0261082474042649,0.027240113533823,0.00150385957267291,3.5067691466493e-05,0.00143136562513984,0.00157369977825237,0.00145858683983132,0.00150122422574523,0.00156630652819482,0.0015453370501863,3.47783419200366e-05,0.00148002635413876,0.00161752317531614,0.00149384466033247,0.00154137437725471,0.00161155714717456,0.249779480989096,0.00923025393443658,0.229129506180817,0.266303346380244,0.232495982333312,0.24961446091817,0.263447718163511,0.401128770942967,0.00806280940238933,0.380896708584454,0.418022285797003,0.386813140632385,0.402101328467654,0.41318698960722,0.552121434014006,0.00843563801868068,0.53265844330177,0.57755867735361,0.539134201301225,0.551957155374122,0.562873773255207
48,"regular","linear",0.01,"correlated",0.599587057120763,0.0118875349148981,0.579055463122135,0.630483395326672,0.581898972175462,0.600188170140062,0.61842033304162,0.0127571714281013,0.000252926274785065,0.0123203290025986,0.0134145403260994,0.0123808291952226,0.0127699610668098,0.0131578794264175,0.00149896764280191,2.97188372872452e-05,0.00144763865780534,0.00157620848831668,0.00145474743043865,0.00150047042535016,0.00154605083260405,0.00166140640644883,3.90534576324549e-05,0.00158252727054448,0.00173625191965586,0.00160052340432664,0.00166182228208336,0.00172862179050277,0.24949205055211,0.00810185112131292,0.230037285013379,0.268953340775741,0.236719124416068,0.249256824065007,0.261932686323446,0.401168192431526,0.00949178403120619,0.37914635247528,0.425492619188113,0.387127788565813,0.400747534175212,0.417068259444157,0.548700460656572,0.00817057265143217,0.534778571379974,0.568576939556593,0.536652830021274,0.548137444011118,0.563772477973607
96,"regular","linear",0.01,"correlated",0.700141936923115,0.0303450741428007,0.633125798092299,0.758102047704139,0.654349397809426,0.703200926018533,0.746048013701043,0.00736991512550647,0.000319421833082113,0.0066644820851821,0.00798002155478041,0.00688788839799396,0.0074021150107214,0.00785313698632677,0.00175035484230779,7.58626853570018e-05,0.00158281449523075,0.00189525511926035,0.00163587349452357,0.00175800231504633,0.00186512003425261,0.00211501097817255,9.09365877178302e-05,0.00193541525155835,0.00231213196921272,0.00199463564364742,0.00211013702475035,0.00227533670660949,0.251060942071201,0.00824316415730983,0.234539511437532,0.270621156733131,0.238733713095456,0.252482575022571,0.264348333517114,0.397925004242715,0.0083926385488234,0.381295663577487,0.4201522046224,0.385744937446727,0.397657505912449,0.410664859702813,0.55020577964985,0.00884540549583932,0.526657932783628,0.573650857805769,0.53611522780226,0.551215936356605,0.560559247913673
6,"irregular","narrow_peak",0.01,"correlated",0.931230971448944,0.0117317812724883,0.903851796692583,0.961894479516026,0.913841128750312,0.930949195311803,0.946328506763791,0.186246194289789,0.00234635625449766,0.180770359338517,0.192378895903205,0.182768225750062,0.186189839062361,0.189265701352758,0.00232807742862236,2.93294531812207e-05,0.00225962949173146,0.00240473619879007,0.00228460282187578,0.00232737298827951,0.00236582126690948,0.00335130127033157,2.69546414366757e-05,0.00328691861651847,0.00342930504964697,0.00330981473573223,0.00334806852502525,0.00338962857167511,0.198193936342095,0.00933110473407424,0.17845833017335,0.217841519875259,0.181049844575317,0.199833840411281,0.212867607284221,0.203019758844986,0.0091952561345608,0.181231193582387,0.219110775360332,0.186213297568276,0.20504677046065,0.216586226413627,0.207060039484742,0.00944056024707701,0.182759002130171,0.225003120233745,0.1901609642809,0.208770817833798,0.220845531805816
12,"irregular","narrow_peak",0.01,"correlated",0.43634586797518,0.0170100245100725,0.400373716396342,0.482007525038598,0.405323587453926,0.436479119682925,0.459916724840719,0.0396678061795618,0.00154636586455205,0.0363976105814857,0.0438188659125998,0.0368475988594479,0.039679919971175,0.0418106113491562,0.00109086466993795,4.25250612751813e-05,0.00100093429099086,0.00120501881259649,0.00101330896863482,0.00109119779920731,0.0011497918121018,0.00205003121878241,5.0487518275558e-05,0.00193587216430517,0.00217728400757187,0.001952932616159,0.0020527726239935,0.00211828798384053,0.194974322760969,0.00610259828246108,0.184862776095834,0.209231777727078,0.186204252410133,0.194233681203245,0.205361875807913,0.200400654164601,0.00651160057819991,0.188110109513444,0.214864090244951,0.190030302893992,0.200472773332978,0.210924129052858,0.205738155858373,0.00691102161063164,0.193071504126201,0.220325082168908,0.194966550457372,0.205763790999875,0.217173762268921
24,"irregular","narrow_peak",0.01,"correlated",1.09365070387924,0.0237667428746627,1.03915388625071,1.14160593530413,1.05778536373502,1.09538769247968,1.12979292197409,0.0475500306034454,0.00103333664672447,0.0451806037500309,0.049635040665397,0.045990667988479,0.0476255518469427,0.0491214313901777,0.00273412675969811,5.94168571866568e-05,0.00259788471562678,0.00285401483826033,0.00264446340933754,0.00273846923119921,0.00282448230493522,0.00696225608908478,7.29636285965442e-05,0.00682737938776551,0.00712913857215296,0.00684669359831992,0.00697066189976933,0.00709421216082487,0.195733825502246,0.00516345658799897,0.182368032915447,0.211483205628848,0.186572008680485,0.195747534401127,0.202934533135575,0.201920633464473,0.00523266834948192,0.189402398951115,0.217811442268542,0.193526015441149,0.20189177939077,0.209663572671716,0.208367850674887,0.00649191543293873,0.196987629745316,0.228011341333199,0.198418313900163,0.207320795051856,0.220365502419474
48,"irregular","narrow_peak",0.01,"correlated",1.12782605008282,0.025226067622673,1.07216672810011,1.17198488725778,1.07799300044637,1.13145232492987,1.16545439790391,0.0239962989379324,0.000536724843035596,0.0228120580446832,0.0249358486650591,0.022936021286093,0.024073453721912,0.024796902083062,0.00281956512520705,6.30651690566825e-05,0.00268041682025027,0.00292996221814444,0.00269498250111593,0.00282863081232467,0.00291363599475978,0.00707741844393867,0.000100160423182233,0.00687241404722718,0.00730735180471363,0.0069044512416779,0.00709571534972028,0.00722999175656434,0.195438614486074,0.00512340154322236,0.18264285275428,0.205676836241137,0.186903190695849,0.195361944994312,0.203372672671907,0.202463314289007,0.00518415417408659,0.192735109323198,0.214506959559488,0.193958308479359,0.203110474294698,0.211663308311143,0.210150560505809,0.00571878255101349,0.198085787008629,0.224320968003668,0.200603743594479,0.209572590393091,0.220186939130757
96,"irregular","narrow_peak",0.01,"correlated",1.40030178645623,0.0386741028606459,1.31678091098934,1.47784648895071,1.34067477674417,1.40314301969932,1.45609660975039,0.0147400188048024,0.000407095819585746,0.0138608516946247,0.0155562788310601,0.0141123660709912,0.0147699265231508,0.0153273327342147,0.00350075446614057,9.66852571516147e-05,0.00329195227747336,0.00369461622237677,0.00335168694186041,0.0035078575492483,0.00364024152437598,0.00760992721731818,0.00014047645971161,0.00730853139893433,0.0078589292518414,0.00737987765414362,0.00762211131577097,0.00783254870182557,0.194495403305131,0.00337485575440307,0.187001371540284,0.203510589041208,0.189381007352035,0.194272987332233,0.199936337465212,0.201440260823451,0.00311873964929028,0.193728482302084,0.209934849061309,0.196216622807202,0.201231511592885,0.205843231338646,0.209275734849591,0.00292289976185871,0.20126107358443,0.215529694207274,0.204953299600841,0.209460146392933,0.2135988190132
6,"regular","narrow_peak",0.01,"correlated",0.495529686689434,0.0119547044123283,0.476175173382399,0.535079410943322,0.479892174664486,0.492949285313391,0.516743044710555,0.0991059373378867,0.00239094088246567,0.0952350346764797,0.107015882188664,0.0959784349328973,0.0985898570626783,0.103348608942111,0.00123882421672358,2.98867610308209e-05,0.001190437933456,0.00133769852735831,0.00119973043666122,0.00123237321328348,0.00129185761177639,0.00190257408995305,3.97398937053314e-05,0.00183355687443483,0.00203515472680322,0.00185052601873533,0.00189700399969447,0.00196466970869127,0.195802695578706,0.00697107739648947,0.179271098187055,0.216003366017033,0.184635666702034,0.196346245280589,0.205296776638894,0.199962426640728,0.007502713130792,0.182975420726666,0.218885475147629,0.187803593576423,0.200038496486076,0.212500688218692,0.204824531677723,0.00817484418328427,0.187402821120487,0.223277417704596,0.19051032219277,0.203993331520613,0.219584594980927
12,"regular","narrow_peak",0.01,"correlated",0.652300197132766,0.0124418742950829,0.630017990350023,0.681899179901026,0.635273480337345,0.650783518671966,0.674423156547668,0.0593000179211605,0.00113107948137117,0.057274362759093,0.0619908345364569,0.0577521345761222,0.0591621380610878,0.061311196049788,0.00163075049283191,3.11046857377071e-05,0.00157504497587506,0.00170474794975257,0.00158818370084336,0.00162695879667991,0.00168605789136917,0.00352124258349522,4.62477778538529e-05,0.0034370739698622,0.00361601188832502,0.00344833617058189,0.00352244161870403,0.00359831259717756,0.194932521044341,0.0087133225967052,0.172662565037653,0.212872577757338,0.183559880527863,0.195092557841071,0.209874769912857,0.200686493690447,0.00809493181166259,0.181908722051216,0.216169019335416,0.189367832328713,0.199904791168081,0.213710354808108,0.206974452046031,0.00880385427215018,0.187812169327976,0.228290995276127,0.194521248933174,0.207541197305705,0.220507777082092
24,"regular","narrow_peak",0.01,"correlated",1.07372491812551,0.0230082820216585,1.02314488681292,1.12857577410846,1.03613363606564,1.07040662677881,1.1122753652882,0.0466836920924135,0.00100036008789819,0.0444845602962138,0.049068511917759,0.045049288524593,0.0465394185556005,0.0483597984907913,0.00268431229531378,5.75207050541461e-05,0.00255786221703229,0.00282143943527114,0.0025903340901641,0.00267601656694703,0.0027806884132205,0.00677085865129778,6.41251345040795e-05,0.0066199850975729,0.00689744605608813,0.00666316542922665,0.00677228191912408,0.00686591496660407,0.195170792649803,0.00665521054159747,0.179108308969598,0.210372183191562,0.184747366395037,0.194832787221333,0.20471251434566,0.202022407673103,0.00636156015498391,0.188555538429884,0.215314197182173,0.190359173878026,0.20200981981245,0.211765635512612,0.208535576321734,0.00707790612205682,0.194325181711886,0.223727517931017,0.195821396838186,0.208232093172016,0.220372619575848
48,"regular","narrow_peak",0.01,"correlated",1.17344358444823,0.0348406091005426,1.07598644481197,1.2617589310691,1.11518587285057,1.17495164258559,1.22523628125623,0.0249668847754942,0.000741289555330694,0.0228933286130207,0.0268459347035979,0.0237273589968207,0.0249989711188423,0.0260688570480049,0.00293360896112057,8.71015227513566e-05,0.00268996611202993,0.00315439732767275,0.00278796468212644,0.00293737910646397,0.00306309070314058,0.00720783286765979,0.000121331198232509,0.00698171572038754,0.00749663764004236,0.00702499790107117,0.00717795295953065,0.00743320219351997,0.195432441263154,0.0052494216090978,0.182887791668854,0.21079027201155,0.186825562167112,0.195624810686724,0.20283164293544,0.202059470366214,0.00492614801367888,0.187863407318759,0.215440988925516,0.194720184588184,0.201912977348664,0.208979360472915,0.210277293662565,0.00508247294077498,0.198022317425857,0.22300598472351,0.20216748185113,0.209568448314217,0.218492430316354
96,"regular","narrow_peak",0.01,"correlated",1.40296189235328,0.0362155298376322,1.31562670990792,1.49053822692402,1.33514248678339,1.40377023121977,1.46397917394074,0.0147680199195082,0.000381216103554023,0.0138487022095571,0.0156898760728844,0.0140541314398251,0.0147765287496818,0.0154103070941131,0.00350740473088319,9.05388245940804e-05,0.00328906677476981,0.00372634556731005,0.00333785621695847,0.00350942557804942,0.00365994793485186,0.00755966168986111,0.000129977593646261,0.00731622489737181,0.00791828232107014,0.00735308962647249,0.00755130706171516,0.0077575460739553,0.194668641787769,0.0034692834517807,0.185303771061569,0.201549613307412,0.189656776270134,0.194925791498255,0.199775831104922,0.201873128418935,0.00351609337345819,0.191321508000274,0.208079977380654,0.196808092716859,0.202165734774507,0.207089926086399,0.210785933665364,0.00333607733777247,0.202265458837321,0.219052154949295,0.206017523710807,0.21085192447719,0.215429185483493
6,"irregular","oscillatory",0.01,"correlated",0.517655876963509,0.0169794339257977,0.456515456310195,0.551458856690728,0.490253973707889,0.518162113462276,0.53958530110592,0.103531175392702,0.00339588678515953,0.0913030912620391,0.110291771338146,0.0980507947415779,0.103632422692455,0.107917060221184,0.00129413969240877,4.24485848144941e-05,0.00114128864077549,0.00137864714172682,0.00122563493426972,0.00129540528365569,0.0013489632527648,0.00151913448891315,4.92133046063094e-05,0.00136235343878838,0.00161143642712289,0.00144831067984026,0.00152067312489654,0.00159025772664105,0.398866796069962,0.00894406900481278,0.382276904779943,0.417089646206602,0.383745269736121,0.399542772498609,0.413453989294082,0.448344384544269,0.00957024640306419,0.426381588521186,0.466113215565381,0.432386541707469,0.447927705604001,0.464908713249346,0.497875260288444,0.00888937933471054,0.476858182763411,0.515564178171775,0.483392569721127,0.497229055481975,0.514185363154632
12,"irregular","oscillatory",0.01,"correlated",1.60515496685918,0.0231480105423065,1.5568434280567,1.65514175070814,1.57193438682286,1.60585790041094,1.63955089279112,0.14592317880538,0.00210436459475514,0.141531220732427,0.150467431882558,0.142903126074805,0.14598708185554,0.149050081162829,0.00401288741714794,5.78700263557663e-05,0.00389210857014175,0.00413785437677034,0.00392983596705714,0.00401464475102735,0.00409887723197779,0.00496307687538683,7.70811211151452e-05,0.00474726079645084,0.00512006497833959,0.0048493080952307,0.00496795243806025,0.00509196852042742,0.379670784798937,0.00765378612684015,0.352958486249566,0.391608718202362,0.366113414579565,0.380741048054134,0.389881313787972,0.44005021724345,0.0077272207979338,0.423558749548364,0.458959689848635,0.428318630161173,0.439601578355525,0.452929618567415,0.50192110844922,0.00666791040646171,0.489278925772679,0.513813460898666,0.49042707090452,0.502215637999934,0.512110584856575
24,"irregular","oscillatory",0.01,"correlated",2.99382042222498,0.0270694201189958,2.94283458424069,3.05589233812715,2.94889152497581,2.9902190333799,3.0423674034248,0.130166105314129,0.00117693130952156,0.127949329749595,0.132864884266398,0.128212674998948,0.13000952319043,0.132276843627165,0.00748455105556244,6.76735502974895e-05,0.00735708646060173,0.00763973084531787,0.00737222881243953,0.00747554758344974,0.00760591850856201,0.00833768284837619,7.51964144833829e-05,0.00821421928322279,0.00850076135728745,0.00822531580696364,0.00833612892546648,0.00845207221495829,0.325954579583495,0.00796915187955551,0.309851637442241,0.344635565953613,0.314902248108371,0.324743881347717,0.33823584106371,0.402116941904516,0.00698559043686334,0.385231325133706,0.41703967180644,0.392174390153302,0.402142370746936,0.412334393036949,0.516385424501856,0.00972683360047889,0.493686234773924,0.53832422551858,0.498625387464049,0.517379138224855,0.529644052380322
48,"irregular","oscillatory",0.01,"correlated",3.43584778064634,0.0431976518044203,3.33052270515479,3.51517302615983,3.36311198872476,3.43433577641663,3.49707977090106,0.073103144269071,0.000919098974562133,0.0708621852160594,0.0747909154502092,0.0715555742281865,0.0730709739663113,0.074405952572363,0.00858961945161584,0.000107994129511051,0.00832630676288697,0.00878793256539958,0.00840777997181191,0.00858583944104158,0.00874269942725265,0.0096307136099136,0.000106436069571212,0.00938951982075548,0.00986015414954333,0.00944654462978743,0.00961878339941376,0.0097979130574888,0.323541482795223,0.00554835400955476,0.309634080340239,0.333868936555658,0.315451269146477,0.323895237693477,0.333150286481529,0.412379955613296,0.00568616019979695,0.399746788479956,0.424608509909162,0.405124995583637,0.412890074543866,0.421793556203038,0.510966170235849,0.00575324408832314,0.499220236601672,0.52225541255474,0.499616116065498,0.511871585742166,0.519019902973037
96,"irregular","oscillatory",0.01,"correlated",3.60694256525111,0.0496958939429664,3.47796237475291,3.73491007702113,3.52778404037025,3.60328659676453,3.68613329712159,0.0379678164763274,0.000523114673083857,0.0366101302605569,0.0393148429160118,0.0371345688460026,0.0379293325975213,0.0388014031275957,0.00901735641312777,0.000124239734857416,0.00869490593688227,0.00933727519255281,0.00881946010092562,0.00900821649191132,0.00921533324280397,0.010099156763501,0.000127194676552321,0.00982972846531635,0.0103898727389428,0.00990133281192832,0.0101014175584719,0.010279885789304,0.313028237709868,0.00589718501682675,0.300648670942568,0.326836219922733,0.303979828479951,0.313636954001989,0.322835061173215,0.416789780345514,0.00443031161195255,0.407767875199373,0.424990508816523,0.410976976065754,0.415857174138678,0.42472989030543,0.507631417923678,0.00421117283792797,0.499874633407442,0.520019259236254,0.502356086420084,0.507477283469055,0.515538916871391
6,"regular","oscillatory",0.01,"correlated",0.572272230206354,0.0152641752803386,0.526016022520239,0.604741971120471,0.55292713170735,0.570412802970206,0.598399933976535,0.114454446041271,0.00305283505606771,0.105203204504048,0.120948394224094,0.11058542634147,0.114082560594041,0.119679986795307,0.00143068057551589,3.81604382008464e-05,0.0013150400563006,0.00151185492780118,0.00138231782926838,0.00142603200742551,0.00149599983494134,0.00156218470969567,3.46844714042563e-05,0.00148538788526867,0.00164329503650834,0.00151224620118283,0.00155477006720353,0.00162327040747423,0.334550014223549,0.0101869119876064,0.303049550995948,0.366047253582457,0.321578402436004,0.334734599149071,0.347547548581042,0.401893072615748,0.00857501325984752,0.381133764346147,0.42453705265838,0.389222846120991,0.401221392180774,0.416103280081706,0.468925076738836,0.00975852753217692,0.441720491519071,0.500196625199512,0.456190947223125,0.469272629065001,0.483114341665238
12,"regular","oscillatory",0.01,"correlated",2.09111674943556,0.0199692432969356,2.04406633057512,2.13856539320693,2.06673663846133,2.092433761925,2.12599665299636,0.19010152267596,0.00181538575426688,0.185824211870466,0.194415035746085,0.18788514895103,0.190221251084091,0.193272422999669,0.00522779187358891,4.99231082423391e-05,0.00511016582643781,0.00534641348301733,0.00516684159615333,0.00523108440481251,0.0053149916324909,0.00578472894322621,5.0194065620745e-05,0.00563924798754262,0.00589522675014809,0.0057153067731283,0.00578212475595896,0.00586760615556943,0.310356505289455,0.00853555557592908,0.290183685067778,0.328770585688871,0.296499809253181,0.311383735523796,0.322175575110657,0.400364995244193,0.00704727702965171,0.387623192390418,0.415960293860372,0.389805535306151,0.399396294122033,0.412371367782359,0.490220663206178,0.00736825356863118,0.47281833558931,0.507863217620541,0.480754570663371,0.490134117791718,0.502533331285487
24,"regular","oscillatory",0.01,"correlated",3.20824839234824,0.0293698858113928,3.15709146717061,3.26304340167786,3.15735393539159,3.20711289974417,3.25311630543591,0.13948906053688,0.00127695155701708,0.137264846398722,0.141871452246864,0.137276258060504,0.139439691293225,0.141439839366779,0.0080206209808706,7.3424714528482e-05,0.00789272866792651,0.00815760850419465,0.00789338483847896,0.00801778224936042,0.00813279076358978,0.00891286216089868,7.81548024837204e-05,0.00876232357006602,0.00907196183307715,0.00879308833382524,0.00891853221987026,0.00902280015595443,0.302829916542164,0.0109051300995898,0.279816499907214,0.320390614999851,0.286614816649819,0.302508613157676,0.317933652027457,0.399366433409705,0.007744524039582,0.384224350649047,0.417363529197085,0.388525749233934,0.399676487952375,0.41132249134017,0.499423686158348,0.00968871832234965,0.480642810034522,0.519890249802816,0.48322991810622,0.500846395521765,0.512823855721887
48,"regular","oscillatory",0.01,"correlated",3.52041531176228,0.0356169605515404,3.42994916298312,3.64086768999885,3.46485098710485,3.52241224498106,3.57408352615157,0.0749024534417507,0.000757807671309371,0.0729776417655984,0.0774652699999756,0.0737202337681884,0.0749449413825758,0.0760443303436504,0.00880103827940571,8.9042401378851e-05,0.00857487290745781,0.00910216922499713,0.00866212746776213,0.00880603061245265,0.00893520881537892,0.00979330499017031,8.38720407449784e-05,0.00961547628395742,0.0101020964673932,0.00968453825447598,0.00979766612658739,0.00993826044370998,0.297300403716223,0.00688846769022317,0.284664614347218,0.311485566139021,0.285819050746984,0.296496855247247,0.308275939182555,0.400345435077245,0.00567307770890006,0.385482281821187,0.413927824532722,0.390921571183201,0.40052774398641,0.409194500240325,0.503009516278148,0.00625678500590993,0.490846483780124,0.517807083770533,0.493069033063043,0.502936870026634,0.513002683164962
96,"regular","oscillatory",0.01,"correlated",3.59852069777502,0.0689176369278857,3.45981087074771,3.75784911325113,3.46690275600675,3.60431545531871,3.70079948978469,0.0378791652397371,0.000725448809767218,0.0364190617973443,0.0395563064552751,0.0364937132211237,0.0379401626875654,0.0389557841029967,0.00899630174443756,0.000172294092319714,0.00864952717686928,0.00939462278312783,0.00866725689001688,0.00901078863829677,0.00925199872446172,0.010042707756293,0.000176856843635321,0.00971218894315974,0.0104123247846431,0.00977218754407216,0.0100322029364418,0.0103325000399832,0.295714989689777,0.00559738617822949,0.284180002804485,0.307495402661301,0.28598596984629,0.295710845077893,0.303555927894463,0.399908333489131,0.00561736584004253,0.387171698977553,0.412595169851681,0.391892272941494,0.398937484949362,0.410366968359239,0.504877770457395,0.0052590951610256,0.493139742569659,0.515208755409289,0.497237817326538,0.50461229904401,0.513554669163304
6,"irregular","flat",0,"independent",0,NA,0,0,0,0,0,0,NA,0,0,0,0,0,0,NA,0,0,0,0,0,0,NA,0,0,0,0,0,0.3,NA,0.3,0.3,0.3,0.3,0.3,0.3,NA,0.3,0.3,0.3,0.3,0.3,0.3,NA,0.3,0.3,0.3,0.3,0.3
12,"irregular","flat",0,"independent",0,NA,0,0,0,0,0,0,NA,0,0,0,0,0,0,NA,0,0,0,0,0,0,NA,0,0,0,0,0,0.3,NA,0.3,0.3,0.3,0.3,0.3,0.3,NA,0.3,0.3,0.3,0.3,0.3,0.3,NA,0.3,0.3,0.3,0.3,0.3
24,"irregular","flat",0,"independent",0,NA,0,0,0,0,0,0,NA,0,0,0,0,0,0,NA,0,0,0,0,0,0,NA,0,0,0,0,0,0.3,NA,0.3,0.3,0.3,0.3,0.3,0.3,NA,0.3,0.3,0.3,0.3,0.3,0.3,NA,0.3,0.3,0.3,0.3,0.3
48,"irregular","flat",0,"independent",0,NA,0,0,0,0,0,0,NA,0,0,0,0,0,0,NA,0,0,0,0,0,0,NA,0,0,0,0,0,0.3,NA,0.3,0.3,0.3,0.3,0.3,0.3,NA,0.3,0.3,0.3,0.3,0.3,0.3,NA,0.3,0.3,0.3,0.3,0.3
96,"irregular","flat",0,"independent",0,NA,0,0,0,0,0,0,NA,0,0,0,0,0,0,NA,0,0,0,0,0,0,NA,0,0,0,0,0,0.3,NA,0.3,0.3,0.3,0.3,0.3,0.3,NA,0.3,0.3,0.3,0.3,0.3,0.3,NA,0.3,0.3,0.3,0.3,0.3
6,"regular","flat",0,"independent",0,NA,0,0,0,0,0,0,NA,0,0,0,0,0,0,NA,0,0,0,0,0,0,NA,0,0,0,0,0,0.3,NA,0.3,0.3,0.3,0.3,0.3,0.3,NA,0.3,0.3,0.3,0.3,0.3,0.3,NA,0.3,0.3,0.3,0.3,0.3
12,"regular","flat",0,"independent",0,NA,0,0,0,0,0,0,NA,0,0,0,0,0,0,NA,0,0,0,0,0,0,NA,0,0,0,0,0,0.3,NA,0.3,0.3,0.3,0.3,0.3,0.3,NA,0.3,0.3,0.3,0.3,0.3,0.3,NA,0.3,0.3,0.3,0.3,0.3
24,"regular","flat",0,"independent",0,NA,0,0,0,0,0,0,NA,0,0,0,0,0,0,NA,0,0,0,0,0,0,NA,0,0,0,0,0,0.3,NA,0.3,0.3,0.3,0.3,0.3,0.3,NA,0.3,0.3,0.3,0.3,0.3,0.3,NA,0.3,0.3,0.3,0.3,0.3
48,"regular","flat",0,"independent",0,NA,0,0,0,0,0,0,NA,0,0,0,0,0,0,NA,0,0,0,0,0,0,NA,0,0,0,0,0,0.3,NA,0.3,0.3,0.3,0.3,0.3,0.3,NA,0.3,0.3,0.3,0.3,0.3,0.3,NA,0.3,0.3,0.3,0.3,0.3
96,"regular","flat",0,"independent",0,NA,0,0,0,0,0,0,NA,0,0,0,0,0,0,NA,0,0,0,0,0,0,NA,0,0,0,0,0,0.3,NA,0.3,0.3,0.3,0.3,0.3,0.3,NA,0.3,0.3,0.3,0.3,0.3,0.3,NA,0.3,0.3,0.3,0.3,0.3
6,"irregular","linear",0,"independent",0.6,NA,0.6,0.6,0.6,0.6,0.6,0.12,NA,0.12,0.12,0.12,0.12,0.12,0.0015,NA,0.0015,0.0015,0.0015,0.0015,0.0015,0.0015,NA,0.0015,0.0015,0.0015,0.0015,0.0015,0.160764991644491,NA,0.160764991644491,0.160764991644491,0.160764991644491,0.160764991644491,0.160764991644491,0.289072620082641,NA,0.289072620082641,0.289072620082641,0.289072620082641,0.289072620082641,0.289072620082641,0.470882701934761,NA,0.470882701934761,0.470882701934761,0.470882701934761,0.470882701934761,0.470882701934761
12,"irregular","linear",0,"independent",0.6,NA,0.6,0.6,0.6,0.6,0.6,0.0545454545454545,NA,0.0545454545454545,0.0545454545454545,0.0545454545454545,0.0545454545454545,0.0545454545454545,0.0015,NA,0.0015,0.0015,0.0015,0.0015,0.0015,0.0015,NA,0.0015,0.0015,0.0015,0.0015,0.0015,0.157694914290458,NA,0.157694914290458,0.157694914290458,0.157694914290458,0.157694914290458,0.157694914290458,0.28558000261277,NA,0.28558000261277,0.28558000261277,0.28558000261277,0.28558000261277,0.28558000261277,0.468521229178134,NA,0.468521229178134,0.468521229178134,0.468521229178134,0.468521229178134,0.468521229178134
24,"irregular","linear",0,"independent",0.6,NA,0.6,0.6,0.6,0.6,0.6,0.0260869565217391,NA,0.0260869565217391,0.0260869565217391,0.0260869565217391,0.0260869565217391,0.0260869565217391,0.0015,NA,0.0015,0.0015,0.0015,0.0015,0.0015,0.0015,NA,0.0015,0.0015,0.0015,0.0015,0.0015,0.157032919159831,NA,0.157032919159831,0.157032919159831,0.157032919159831,0.157032919159831,0.157032919159831,0.284879386751759,NA,0.284879386751759,0.284879386751759,0.284879386751759,0.284879386751759,0.284879386751759,0.468059243974145,NA,0.468059243974145,0.468059243974145,0.468059243974145,0.468059243974145,0.468059243974145
48,"irregular","linear",0,"independent",0.6,NA,0.6,0.6,0.6,0.6,0.6,0.0127659574468085,NA,0.0127659574468085,0.0127659574468085,0.0127659574468085,0.0127659574468085,0.0127659574468085,0.0015,NA,0.0015,0.0015,0.0015,0.0015,0.0015,0.0015,NA,0.0015,0.0015,0.0015,0.0015,0.0015,0.156885501061717,NA,0.156885501061717,0.156885501061717,0.156885501061717,0.156885501061717,0.156885501061717,0.284721404534868,NA,0.284721404534868,0.284721404534868,0.284721404534868,0.284721404534868,0.284721404534868,0.467954682759092,NA,0.467954682759092,0.467954682759092,0.467954682759092,0.467954682759092,0.467954682759092
96,"irregular","linear",0,"independent",0.6,NA,0.6,0.6,0.6,0.6,0.6,0.00631578947368421,NA,0.00631578947368421,0.00631578947368421,0.00631578947368421,0.00631578947368421,0.00631578947368421,0.0015,NA,0.0015,0.0015,0.0015,0.0015,0.0015,0.0015,NA,0.0015,0.0015,0.0015,0.0015,0.0015,0.156850637113126,NA,0.156850637113126,0.156850637113126,0.156850637113126,0.156850637113126,0.156850637113126,0.284683837074822,NA,0.284683837074822,0.284683837074822,0.284683837074822,0.284683837074822,0.284683837074822,0.467929775472669,NA,0.467929775472669,0.467929775472669,0.467929775472669,0.467929775472669,0.467929775472669
6,"regular","linear",0,"independent",0.6,NA,0.6,0.6,0.6,0.6,0.6,0.12,NA,0.12,0.12,0.12,0.12,0.12,0.0015,NA,0.0015,0.0015,0.0015,0.0015,0.0015,0.0015,NA,0.0015,0.0015,0.0015,0.0015,0.0015,0.25,NA,0.25,0.25,0.25,0.25,0.25,0.4,NA,0.4,0.4,0.4,0.4,0.4,0.55,NA,0.55,0.55,0.55,0.55,0.55
12,"regular","linear",0,"independent",0.6,NA,0.6,0.6,0.6,0.6,0.6,0.0545454545454545,NA,0.0545454545454545,0.0545454545454545,0.0545454545454545,0.0545454545454545,0.0545454545454545,0.0015,NA,0.0015,0.0015,0.0015,0.0015,0.0015,0.0015,NA,0.0015,0.0015,0.0015,0.0015,0.0015,0.25,NA,0.25,0.25,0.25,0.25,0.25,0.4,NA,0.4,0.4,0.4,0.4,0.4,0.55,NA,0.55,0.55,0.55,0.55,0.55
24,"regular","linear",0,"independent",0.6,NA,0.6,0.6,0.6,0.6,0.6,0.0260869565217391,NA,0.0260869565217391,0.0260869565217391,0.0260869565217391,0.0260869565217391,0.0260869565217391,0.0015,NA,0.0015,0.0015,0.0015,0.0015,0.0015,0.0015,NA,0.0015,0.0015,0.0015,0.0015,0.0015,0.25,NA,0.25,0.25,0.25,0.25,0.25,0.4,NA,0.4,0.4,0.4,0.4,0.4,0.55,NA,0.55,0.55,0.55,0.55,0.55
48,"regular","linear",0,"independent",0.6,NA,0.6,0.6,0.6,0.6,0.6,0.0127659574468085,NA,0.0127659574468085,0.0127659574468085,0.0127659574468085,0.0127659574468085,0.0127659574468085,0.0015,NA,0.0015,0.0015,0.0015,0.0015,0.0015,0.0015,NA,0.0015,0.0015,0.0015,0.0015,0.0015,0.25,NA,0.25,0.25,0.25,0.25,0.25,0.4,NA,0.4,0.4,0.4,0.4,0.4,0.55,NA,0.55,0.55,0.55,0.55,0.55
96,"regular","linear",0,"independent",0.6,NA,0.6,0.6,0.6,0.6,0.6,0.00631578947368421,NA,0.00631578947368421,0.00631578947368421,0.00631578947368421,0.00631578947368421,0.00631578947368421,0.0015,NA,0.0015,0.0015,0.0015,0.0015,0.0015,0.0015,NA,0.0015,0.0015,0.0015,0.0015,0.0015,0.25,NA,0.25,0.25,0.25,0.25,0.25,0.4,NA,0.4,0.4,0.4,0.4,0.4,0.55,NA,0.55,0.55,0.55,0.55,0.55
6,"irregular","narrow_peak",0,"independent",0.915816630665011,NA,0.915816630665011,0.915816630665011,0.915816630665011,0.915816630665011,0.915816630665011,0.183163326133002,NA,0.183163326133002,0.183163326133002,0.183163326133002,0.183163326133002,0.183163326133002,0.00228954157666253,NA,0.00228954157666253,0.00228954157666253,0.00228954157666253,0.00228954157666253,0.00228954157666253,0.00334984069522117,NA,0.00334984069522117,0.00334984069522117,0.00334984069522117,0.00334984069522117,0.00334984069522117,0.2,NA,0.2,0.2,0.2,0.2,0.2,0.2,NA,0.2,0.2,0.2,0.2,0.2,0.2,NA,0.2,0.2,0.2,0.2,0.2
12,"irregular","narrow_peak",0,"independent",0.394261696342103,NA,0.394261696342103,0.394261696342103,0.394261696342103,0.394261696342103,0.394261696342103,0.0358419723947366,NA,0.0358419723947366,0.0358419723947366,0.0358419723947366,0.0358419723947366,0.0358419723947366,0.000985654240855257,NA,0.000985654240855257,0.000985654240855257,0.000985654240855257,0.000985654240855257,0.000985654240855257,0.00204589910728028,NA,0.00204589910728028,0.00204589910728028,0.00204589910728028,0.00204589910728028,0.00204589910728028,0.2,NA,0.2,0.2,0.2,0.2,0.2,0.2,NA,0.2,0.2,0.2,0.2,0.2,0.200000000849879,NA,0.200000000849879,0.200000000849879,0.200000000849879,0.200000000849879,0.200000000849879
24,"irregular","narrow_peak",0,"independent",0.999999886979322,NA,0.999999886979322,0.999999886979322,0.999999886979322,0.999999886979322,0.999999886979322,0.0434782559556227,NA,0.0434782559556227,0.0434782559556227,0.0434782559556227,0.0434782559556227,0.0434782559556227,0.00249999971744831,NA,0.00249999971744831,0.00249999971744831,0.00249999971744831,0.00249999971744831,0.00249999971744831,0.00694964629130089,NA,0.00694964629130089,0.00694964629130089,0.00694964629130089,0.00694964629130089,0.00694964629130089,0.2,NA,0.2,0.2,0.2,0.2,0.2,0.2,NA,0.2,0.2,0.2,0.2,0.2,0.200000004848853,NA,0.200000004848853,0.200000004848853,0.200000004848853,0.200000004848853,0.200000004848853
48,"irregular","narrow_peak",0,"independent",0.920730761826448,NA,0.920730761826448,0.920730761826448,0.920730761826448,0.920730761826448,0.920730761826448,0.0195900162090734,NA,0.0195900162090734,0.0195900162090734,0.0195900162090734,0.0195900162090734,0.0195900162090734,0.00230182690456612,NA,0.00230182690456612,0.00230182690456612,0.00230182690456612,0.00230182690456612,0.00230182690456612,0.00700627280245221,NA,0.00700627280245221,0.00700627280245221,0.00700627280245221,0.00700627280245221,0.00700627280245221,0.2,NA,0.2,0.2,0.2,0.2,0.2,0.2,NA,0.2,0.2,0.2,0.2,0.2,0.200000004114016,NA,0.200000004114016,0.200000004114016,0.200000004114016,0.200000004114016,0.200000004114016
96,"irregular","narrow_peak",0,"independent",0.996011436647925,NA,0.996011436647925,0.996011436647925,0.996011436647925,0.996011436647925,0.996011436647925,0.0104843309120834,NA,0.0104843309120834,0.0104843309120834,0.0104843309120834,0.0104843309120834,0.0104843309120834,0.00249002859161981,NA,0.00249002859161981,0.00249002859161981,0.00249002859161981,0.00249002859161981,0.00249002859161981,0.00735978025626348,NA,0.00735978025626348,0.00735978025626348,0.00735978025626348,0.00735978025626348,0.00735978025626348,0.2,NA,0.2,0.2,0.2,0.2,0.2,0.2,NA,0.2,0.2,0.2,0.2,0.2,0.200000004959838,NA,0.200000004959838,0.200000004959838,0.200000004959838,0.200000004959838,0.200000004959838
6,"regular","narrow_peak",0,"independent",0.479652268830045,NA,0.479652268830045,0.479652268830045,0.479652268830045,0.479652268830045,0.479652268830045,0.095930453766009,NA,0.095930453766009,0.095930453766009,0.095930453766009,0.095930453766009,0.095930453766009,0.00119913067207511,NA,0.00119913067207511,0.00119913067207511,0.00119913067207511,0.00119913067207511,0.00119913067207511,0.00189599206785069,NA,0.00189599206785069,0.00189599206785069,0.00189599206785069,0.00189599206785069,0.00189599206785069,0.2,NA,0.2,0.2,0.2,0.2,0.2,0.2,NA,0.2,0.2,0.2,0.2,0.2,0.200000000021293,NA,0.200000000021293,0.200000000021293,0.200000000021293,0.200000000021293,0.200000000021293
12,"regular","narrow_peak",0,"independent",0.611512508612166,NA,0.611512508612166,0.611512508612166,0.611512508612166,0.611512508612166,0.611512508612166,0.0555920462374696,NA,0.0555920462374696,0.0555920462374696,0.0555920462374696,0.0555920462374696,0.0555920462374696,0.00152878127153041,NA,0.00152878127153041,0.00152878127153041,0.00152878127153041,0.00152878127153041,0.00152878127153041,0.00350754043183954,NA,0.00350754043183954,0.00350754043183954,0.00350754043183954,0.00350754043183954,0.00350754043183954,0.2,NA,0.2,0.2,0.2,0.2,0.2,0.2,NA,0.2,0.2,0.2,0.2,0.2,0.200002351163281,NA,0.200002351163281,0.200002351163281,0.200002351163281,0.200002351163281,0.200002351163281
24,"regular","narrow_peak",0,"independent",0.981501124931573,NA,0.981501124931573,0.981501124931573,0.981501124931573,0.981501124931573,0.981501124931573,0.0426739619535466,NA,0.0426739619535466,0.0426739619535466,0.0426739619535466,0.0426739619535466,0.0426739619535466,0.00245375281232893,NA,0.00245375281232893,0.00245375281232893,0.00245375281232893,0.00245375281232893,0.00245375281232893,0.0067578169460041,NA,0.0067578169460041,0.0067578169460041,0.0067578169460041,0.0067578169460041,0.0067578169460041,0.2,NA,0.2,0.2,0.2,0.2,0.2,0.2,NA,0.2,0.2,0.2,0.2,0.2,0.200000439438816,NA,0.200000439438816,0.200000439438816,0.200000439438816,0.200000439438816,0.200000439438816
48,"regular","narrow_peak",0,"independent",0.983835110153807,NA,0.983835110153807,0.983835110153807,0.983835110153807,0.983835110153807,0.983835110153807,0.0209326619181661,NA,0.0209326619181661,0.0209326619181661,0.0209326619181661,0.0209326619181661,0.0209326619181661,0.00245958777538452,NA,0.00245958777538452,0.00245958777538452,0.00245958777538452,0.00245958777538452,0.00245958777538452,0.00714751663203944,NA,0.00714751663203944,0.00714751663203944,0.00714751663203944,0.00714751663203944,0.00714751663203944,0.2,NA,0.2,0.2,0.2,0.2,0.2,0.2,NA,0.2,0.2,0.2,0.2,0.2,0.200000763237505,NA,0.200000763237505,0.200000763237505,0.200000763237505,0.200000763237505,0.200000763237505
96,"regular","narrow_peak",0,"independent",0.997966906444515,NA,0.997966906444515,0.997966906444515,0.997966906444515,0.997966906444515,0.997966906444515,0.0105049148046791,NA,0.0105049148046791,0.0105049148046791,0.0105049148046791,0.0105049148046791,0.0105049148046791,0.00249491726611129,NA,0.00249491726611129,0.00249491726611129,0.00249491726611129,0.00249491726611129,0.00249491726611129,0.00739629342373318,NA,0.00739629342373318,0.00739629342373318,0.00739629342373318,0.00739629342373318,0.00739629342373318,0.2,NA,0.2,0.2,0.2,0.2,0.2,0.2,NA,0.2,0.2,0.2,0.2,0.2,0.200000976533603,NA,0.200000976533603,0.200000976533603,0.200000976533603,0.200000976533603,0.200000976533603
6,"irregular","oscillatory",0,"independent",0.517379184801835,NA,0.517379184801835,0.517379184801835,0.517379184801835,0.517379184801835,0.517379184801835,0.103475836960367,NA,0.103475836960367,0.103475836960367,0.103475836960367,0.103475836960367,0.103475836960367,0.00129344796200459,NA,0.00129344796200459,0.00129344796200459,0.00129344796200459,0.00129344796200459,0.00129344796200459,0.00151419287892229,NA,0.00151419287892229,0.00151419287892229,0.00151419287892229,0.00151419287892229,0.00151419287892229,0.4,NA,0.4,0.4,0.4,0.4,0.4,0.446287899248645,NA,0.446287899248645,0.446287899248645,0.446287899248645,0.446287899248645,0.446287899248645,0.495420352043198,NA,0.495420352043198,0.495420352043198,0.495420352043198,0.495420352043198,0.495420352043198
12,"irregular","oscillatory",0,"independent",1.60346763752421,NA,1.60346763752421,1.60346763752421,1.60346763752421,1.60346763752421,1.60346763752421,0.145769785229474,NA,0.145769785229474,0.145769785229474,0.145769785229474,0.145769785229474,0.145769785229474,0.00400866909381054,NA,0.00400866909381054,0.00400866909381054,0.00400866909381054,0.00400866909381054,0.00400866909381054,0.00494269065343745,NA,0.00494269065343745,0.00494269065343745,0.00494269065343745,0.00494269065343745,0.00494269065343745,0.383930797987614,NA,0.383930797987614,0.383930797987614,0.383930797987614,0.383930797987614,0.383930797987614,0.437832114508001,NA,0.437832114508001,0.437832114508001,0.437832114508001,0.437832114508001,0.437832114508001,0.496613337119163,NA,0.496613337119163,0.496613337119163,0.496613337119163,0.496613337119163,0.496613337119163
24,"irregular","oscillatory",0,"independent",2.98712076917048,NA,2.98712076917048,2.98712076917048,2.98712076917048,2.98712076917048,2.98712076917048,0.129874816050891,NA,0.129874816050891,0.129874816050891,0.129874816050891,0.129874816050891,0.129874816050891,0.0074678019229262,NA,0.0074678019229262,0.0074678019229262,0.0074678019229262,0.0074678019229262,0.0074678019229262,0.00832298456184276,NA,0.00832298456184276,0.00832298456184276,0.00832298456184276,0.00832298456184276,0.00832298456184276,0.325858813826056,NA,0.325858813826056,0.325858813826056,0.325858813826056,0.325858813826056,0.325858813826056,0.4,NA,0.4,0.4,0.4,0.4,0.4,0.518958774775233,NA,0.518958774775233,0.518958774775233,0.518958774775233,0.518958774775233,0.518958774775233
48,"irregular","oscillatory",0,"independent",3.43527144936452,NA,3.43527144936452,3.43527144936452,3.43527144936452,3.43527144936452,3.43527144936452,0.0730908819013728,NA,0.0730908819013728,0.0730908819013728,0.0730908819013728,0.0730908819013728,0.0730908819013728,0.0085881786234113,NA,0.0085881786234113,0.0085881786234113,0.0085881786234113,0.0085881786234113,0.0085881786234113,0.00958065897765601,NA,0.00958065897765601,0.00958065897765601,0.00958065897765601,0.00958065897765601,0.00958065897765601,0.322215862351409,NA,0.322215862351409,0.322215862351409,0.322215862351409,0.322215862351409,0.322215862351409,0.409970931746067,NA,0.409970931746067,0.409970931746067,0.409970931746067,0.409970931746067,0.409970931746067,0.511793288674061,NA,0.511793288674061,0.511793288674061,0.511793288674061,0.511793288674061,0.511793288674061
96,"irregular","oscillatory",0,"independent",3.56988380140785,NA,3.56988380140785,3.56988380140785,3.56988380140785,3.56988380140785,3.56988380140785,0.0375777242253458,NA,0.0375777242253458,0.0375777242253458,0.0375777242253458,0.0375777242253458,0.0375777242253458,0.00892470950351963,NA,0.00892470950351963,0.00892470950351963,0.00892470950351963,0.00892470950351963,0.00892470950351963,0.00989304299145999,NA,0.00989304299145999,0.00989304299145999,0.00989304299145999,0.00989304299145999,0.00989304299145999,0.31336423231895,NA,0.31336423231895,0.31336423231895,0.31336423231895,0.31336423231895,0.31336423231895,0.415513312884896,NA,0.415513312884896,0.415513312884896,0.415513312884896,0.415513312884896,0.415513312884896,0.50938354033382,NA,0.50938354033382,0.50938354033382,0.50938354033382,0.50938354033382,0.50938354033382
6,"regular","oscillatory",0,"independent",0.570633909777092,NA,0.570633909777092,0.570633909777092,0.570633909777092,0.570633909777092,0.570633909777092,0.114126781955418,NA,0.114126781955418,0.114126781955418,0.114126781955418,0.114126781955418,0.114126781955418,0.00142658477444273,NA,0.00142658477444273,0.00142658477444273,0.00142658477444273,0.00142658477444273,0.00142658477444273,0.00155860101666545,NA,0.00155860101666545,0.00155860101666545,0.00155860101666545,0.00155860101666545,0.00155860101666545,0.333874159117097,NA,0.333874159117097,0.333874159117097,0.333874159117097,0.333874159117097,0.333874159117097,0.4,NA,0.4,0.4,0.4,0.4,0.4,0.466125840882903,NA,0.466125840882903,0.466125840882903,0.466125840882903,0.466125840882903,0.466125840882903
12,"regular","oscillatory",0,"independent",2.08654583153204,NA,2.08654583153204,2.08654583153204,2.08654583153204,2.08654583153204,2.08654583153204,0.189685984684731,NA,0.189685984684731,0.189685984684731,0.189685984684731,0.189685984684731,0.189685984684731,0.0052163645788301,NA,0.0052163645788301,0.0052163645788301,0.0052163645788301,0.0052163645788301,0.0052163645788301,0.00577425299317229,NA,0.00577425299317229,0.00577425299317229,0.00577425299317229,0.00577425299317229,0.00577425299317229,0.310837298997961,NA,0.310837298997961,0.310837298997961,0.310837298997961,0.310837298997961,0.310837298997961,0.4,NA,0.4,0.4,0.4,0.4,0.4,0.489162701002039,NA,0.489162701002039,0.489162701002039,0.489162701002039,0.489162701002039,0.489162701002039
24,"regular","oscillatory",0,"independent",3.21282291280957,NA,3.21282291280957,3.21282291280957,3.21282291280957,3.21282291280957,3.21282291280957,0.139687952730851,NA,0.139687952730851,0.139687952730851,0.139687952730851,0.139687952730851,0.139687952730851,0.00803205728202393,NA,0.00803205728202393,0.00803205728202393,0.00803205728202393,0.00803205728202393,0.00803205728202393,0.00891443889326222,NA,0.00891443889326222,0.00891443889326222,0.00891443889326222,0.00891443889326222,0.00891443889326222,0.301596257602889,NA,0.301596257602889,0.301596257602889,0.301596257602889,0.301596257602889,0.301596257602889,0.4,NA,0.4,0.4,0.4,0.4,0.4,0.498403742397111,NA,0.498403742397111,0.498403742397111,0.498403742397111,0.498403742397111,0.498403742397111
48,"regular","oscillatory",0,"independent",3.5049188428934,NA,3.5049188428934,3.5049188428934,3.5049188428934,3.5049188428934,3.5049188428934,0.0745727413381575,NA,0.0745727413381575,0.0745727413381575,0.0745727413381575,0.0745727413381575,0.0745727413381575,0.00876229710723351,NA,0.00876229710723351,0.00876229710723351,0.00876229710723351,0.00876229710723351,0.00876229710723351,0.00973065335791394,NA,0.00973065335791394,0.00973065335791394,0.00973065335791394,0.00973065335791394,0.00973065335791394,0.297580829713915,NA,0.297580829713915,0.297580829713915,0.297580829713915,0.297580829713915,0.297580829713915,0.4,NA,0.4,0.4,0.4,0.4,0.4,0.502419170286085,NA,0.502419170286085,0.502419170286085,0.502419170286085,0.502419170286085,0.502419170286085
96,"regular","oscillatory",0,"independent",3.57658798738496,NA,3.57658798738496,3.57658798738496,3.57658798738496,3.57658798738496,3.57658798738496,0.0376482946040522,NA,0.0376482946040522,0.0376482946040522,0.0376482946040522,0.0376482946040522,0.0376482946040522,0.0089414699684624,NA,0.0089414699684624,0.0089414699684624,0.0089414699684624,0.0089414699684624,0.0089414699684624,0.00993102355937721,NA,0.00993102355937721,0.00993102355937721,0.00993102355937721,0.00993102355937721,0.00993102355937721,0.295712924663234,NA,0.295712924663234,0.295712924663234,0.295712924663234,0.295712924663234,0.295712924663234,0.4,NA,0.4,0.4,0.4,0.4,0.4,0.504287075336766,NA,0.504287075336766,0.504287075336766,0.504287075336766,0.504287075336766,0.504287075336766
6,"irregular","flat",0.002,"independent",0.0107722210013207,0.00527977431195865,0.00339994033187835,0.0273000209110968,0.00408157058451224,0.010376075469325,0.0201718782000782,0.00215444420026414,0.00105595486239173,0.00067998806637567,0.00546000418221936,0.000816314116902448,0.002075215093865,0.00403437564001564,2.69305525033018e-05,1.31994357798966e-05,8.49985082969587e-06,6.8250052277742e-05,1.02039264612806e-05,2.59401886733125e-05,5.04296955001955e-05,3.67267653187274e-05,1.72428282560601e-05,1.08546550548853e-05,8.87587190279886e-05,1.27542141244589e-05,3.40154296096453e-05,6.7157464070201e-05,0.299126927430787,0.00103677644310173,0.296710263704877,0.302078945965423,0.297496202991034,0.299037388774362,0.30042650106739,0.300156702600019,0.000966494668744434,0.298275787778152,0.302285147176009,0.298597533531763,0.30020247578247,0.301526251161858,0.300969041141744,0.00102800828874916,0.298903383048822,0.303683818836803,0.299246531822126,0.300992561262799,0.302519223231556
12,"irregular","flat",0.002,"independent",0.0237841322519927,0.00614779377927871,0.0147779804680171,0.0400169231235307,0.0154752660152553,0.0231219755675297,0.0365800257227063,0.00216219384109025,0.000558890343570792,0.00134345276981974,0.00363790210213915,0.00140684236502321,0.00210199777886634,0.00332545688388239,5.94603306299818e-05,1.53694844481968e-05,3.69449511700427e-05,0.000100042307808827,3.86881650381384e-05,5.78049389188243e-05,9.14500643067657e-05,8.53333858295259e-05,2.44844165307921e-05,4.58775670108786e-05,0.000146345842890072,5.10369688118165e-05,7.96049287110893e-05,0.000125045412622113,0.298933330765698,0.000834369499285969,0.296075435888709,0.300459580705239,0.297690656282909,0.298915783854906,0.300054361037317,0.300076431523023,0.000737206661828459,0.298679308114403,0.301680228067391,0.298853921526968,0.300104369889745,0.301419609291663,0.301262027927222,0.000750383921526768,0.299721925737264,0.302621074863122,0.299896573085841,0.301385857589435,0.30237766345419
24,"irregular","flat",0.002,"independent",0.0510058513632491,0.00898945935865074,0.0355081726052475,0.0706243933782202,0.0391707198836785,0.050226689176956,0.0662180583559743,0.00221764571144561,0.000390846059071771,0.0015438335915325,0.00307062579905305,0.00170307477755124,0.00218376909465026,0.00287904601547714,0.000127514628408123,2.24736483966269e-05,8.87704315131188e-05,0.00017656098344555,9.79267997091961e-05,0.00012556672294239,0.000165545145889936,0.0001989547728782,4.94307770545695e-05,0.000119346882513019,0.000296648062317635,0.000127680947023127,0.000199955188808219,0.0002780501239067,0.298727181191345,0.000545557624398192,0.297495671009777,0.299968847316027,0.298074186490575,0.298611954465229,0.299608539121715,0.299976150096998,0.000493422796668827,0.299063627382905,0.301208017239335,0.299266986232743,0.300014218388362,0.300839973386618,0.301229151954257,0.00052354922921411,0.300045426124097,0.302486324851788,0.30033983436568,0.301216661073864,0.301937176217253
48,"irregular","flat",0.002,"independent",0.108651252357896,0.0141358082279369,0.0813559077590604,0.149578754084038,0.0874133117861958,0.109597416380978,0.131828840846543,0.00231172877357226,0.000300761877190147,0.00173097676083107,0.0031825266826391,0.00185985769757863,0.00233185992299953,0.00280486895418177,0.000271628130894741,3.53395205698422e-05,0.000203389769397651,0.000373946885210095,0.000218533279465489,0.000273993540952445,0.000329572102116358,0.000441940521375502,9.12261000127164e-05,0.000287391456357811,0.000676732238022961,0.000340587432734061,0.000420319542088744,0.000628541988232094,0.298761365707046,0.000366567114964324,0.297675509079543,0.299414000865303,0.298133368498066,0.298752066817114,0.299375590365747,0.300044797292455,0.000368605273449311,0.299216204358136,0.301049285452838,0.299425471749601,0.300110054365489,0.300619329210506,0.30141073629261,0.000327793631298568,0.300535501869597,0.302125881726303,0.300875694208195,0.301423141074242,0.301958036612121
96,"irregular","flat",0.002,"independent",0.212343641180829,0.0206262533220868,0.163637404053117,0.2556490610711,0.18555478844914,0.212731184503936,0.242411924072747,0.0022351962229561,0.000217118456021967,0.00172249899003281,0.00269104274811684,0.00195320829946463,0.00223927562635723,0.00255170446392365,0.000530859102952073,5.15656333052171e-05,0.000409093510132793,0.00063912265267775,0.00046388697112285,0.000531827961259841,0.000606029810181868,0.000868369148163887,0.000120318597313337,0.000657464830050322,0.00121141139435936,0.000705251330607778,0.000860709181109937,0.00110104398296142,0.298704345108779,0.000279223996915725,0.298049173136957,0.299303682015109,0.298322721169944,0.298708580845406,0.299115456011506,0.300030390019512,0.000264058941839292,0.299507171133272,0.300581663915612,0.299618539574096,0.300040949469541,0.300394447857434,0.3013144677345,0.000245170869617675,0.300863665662493,0.301806197541035,0.300939296361271,0.301288808791916,0.30174898570657
6,"regular","flat",0.002,"independent",0.0108625611725143,0.0048456883862204,0.00339729446408688,0.0236321949591362,0.00439988430897522,0.010562288302973,0.0204151896581018,0.00217251223450287,0.00096913767724408,0.000679458892817375,0.00472643899182723,0.000879976861795044,0.0021124576605946,0.00408303793162035,2.71564029312859e-05,1.2114220965551e-05,8.49323616021719e-06,5.90804873978404e-05,1.0999710772438e-05,2.64057207574325e-05,5.10379741452544e-05,3.20351828335955e-05,1.29808366710212e-05,1.08774145711879e-05,6.52404260663535e-05,1.44789745237595e-05,3.09453950367554e-05,5.54100695162121e-05,0.299090353585597,0.00100938518804959,0.296746274960846,0.301393385454914,0.297436506691632,0.29921895504114,0.300491433867266,0.300070824656841,0.000919091663406503,0.297876628791767,0.302015042228916,0.298267298450976,0.300254842308034,0.301375905268822,0.301137003623925,0.000978648472918777,0.298986455841885,0.303167915639347,0.29914009635083,0.301264146656309,0.302733007379359
12,"regular","flat",0.002,"independent",0.0248264502858588,0.00703867483356221,0.0106322159787828,0.0427774001011333,0.0144362157117417,0.0240808039497139,0.0393017761040796,0.00225695002598717,0.000639879530323837,0.000966565088980252,0.00388885455464848,0.00131238324652197,0.00218916399542854,0.00357288873673451,6.20661257146471e-05,1.75966870839055e-05,2.65805399469569e-05,0.000106943500252833,3.60905392793543e-05,6.02020098742848e-05,9.8254440260199e-05,7.4069609918084e-05,1.88793285608063e-05,3.27220689675632e-05,0.000118045596373481,4.24733242052152e-05,7.23801009688719e-05,0.000110155384416969,0.298755336809269,0.000812621689086154,0.296673267132164,0.30034122804279,0.297490198535405,0.298848552478664,0.299936711664004,0.299928020729819,0.000714793002890764,0.29823855228855,0.30175468539636,0.298658742527229,0.300046400371297,0.30083096271877,0.301137846031804,0.000875390796982889,0.29851994395985,0.302794531593003,0.299653000532543,0.301306657935251,0.302424808413586
24,"regular","flat",0.002,"independent",0.0521852572248133,0.0101671542089407,0.0315225029399754,0.0732509195011035,0.0361083793360677,0.0521809931312418,0.0695410620830181,0.00226892422716579,0.00044205018299742,0.00137054360608589,0.0031848225870045,0.00156992953635077,0.00226873883179312,0.00302352443839209,0.000130463143062033,2.54178855223517e-05,7.88062573499385e-05,0.000183127298752759,9.02709483401692e-05,0.000130452482828105,0.000173852655207545,0.000161567984702603,3.04397835769463e-05,0.000102891495483699,0.000228750109264581,0.0001173309491727,0.000162141193472991,0.000209711442033748,0.298558025547216,0.000549645772917885,0.297214370598763,0.299779656952834,0.297769564442753,0.298565823581007,0.299524865528096,0.299975385139814,0.000619645220253348,0.298988939443785,0.301861760855097,0.299073245896861,0.299890592929208,0.300912762314138,0.301296351405324,0.000680160664450041,0.299633744693284,0.303195666622604,0.300386986528931,0.301340055546083,0.302394080518629
48,"regular","flat",0.002,"independent",0.105908842575961,0.0140377452921307,0.0757620769854822,0.132385504545732,0.085128994620005,0.104642664791986,0.130457310886056,0.00225337962927578,0.000298675431747463,0.00161195908479749,0.00281671286267516,0.00181125520468096,0.00222643967642522,0.00277568746566077,0.000264772106439904,3.50943632303269e-05,0.000189405192463706,0.000330963761364331,0.000212822486550013,0.000261606661979964,0.00032614327721514,0.000328822043305124,4.29308368738673e-05,0.000244022824515938,0.000432210462777211,0.000261065374128495,0.000323308548133214,0.000389268544579314,0.298717261035219,0.000402237811795388,0.297894362455766,0.299661514413339,0.298109107885527,0.298747536730836,0.299354569077423,0.300053134970015,0.000363235453236555,0.299313081088135,0.301004192534393,0.299430273511078,0.300113937533555,0.300567742128266,0.301361087178756,0.000353035229630614,0.300339437002351,0.302057997785565,0.300795925432868,0.301367967546068,0.301922598319685
96,"regular","flat",0.002,"independent",0.217875914267511,0.0213800613568305,0.163241953227427,0.254831571945719,0.179859759461042,0.220288190654825,0.248687338385654,0.00229343067650012,0.000225053277440321,0.00171833634976239,0.00268243759942862,0.00189326062590571,0.00231882305952448,0.00261776145669109,0.000544689785668778,5.34501533920762e-05,0.000408104883068568,0.000637078929864298,0.000449649398652606,0.000550720476637063,0.000621718345964134,0.000679666620075771,6.35799952434495e-05,0.000516339478471364,0.000803230266017207,0.000575708789613809,0.000687957777906308,0.000767283734944472,0.29866773900024,0.000252992180149992,0.298178178937879,0.299421978222648,0.298326760487491,0.298631831953283,0.299113460409355,0.299956104196192,0.000264295102208178,0.299326781451062,0.300486151367399,0.299544987220055,0.299973408917063,0.300312484693147,0.301309764153344,0.000324542375191648,0.30061577078224,0.302011793698541,0.30074143329064,0.301341395722642,0.301821675797678
6,"irregular","linear",0.002,"independent",0.599948314121656,0.00306370163177221,0.594101075572577,0.608181178753224,0.594698436373843,0.599961856773482,0.604522359271262,0.119989662824331,0.000612740326354441,0.118820215114515,0.121636235750645,0.118939687274769,0.119992371354696,0.120904471854252,0.00149987078530414,7.65925407943052e-06,0.00148525268893144,0.00152045294688306,0.00148674609093461,0.00149990464193371,0.00151130589817815,0.00150057701213252,7.90104529594711e-06,0.00148600349644655,0.00152410972967234,0.00148750169900937,0.00150166118984911,0.001512160738798,0.161168101083115,0.00173311076963884,0.156725472030918,0.164923574390471,0.158419971881119,0.161258759930089,0.163915116102194,0.289169917269179,0.00166917196050727,0.285734474532893,0.292013441563856,0.286573478469583,0.289193517954975,0.291700221077978,0.470949671118378,0.00166277579252174,0.467730488011792,0.474693712456615,0.467966942653706,0.47101825247887,0.473481289415083
12,"irregular","linear",0.002,"independent",0.600611488450511,0.0032148754741223,0.592624190064891,0.608748426386761,0.595395190388054,0.600394902318117,0.605430553251784,0.054601044404592,0.000292261406738392,0.0538749263695355,0.0553407660351601,0.0541268354898231,0.0545813547561924,0.0550391412047076,0.00150152872112628,8.03718868530577e-06,0.00148156047516223,0.0015218710659669,0.00148848797597014,0.00150098725579529,0.00151357638312946,0.00150460081928021,8.47094815363756e-06,0.00148342461431009,0.00152839567050877,0.00149203978211151,0.00150462912618014,0.00151628816256569,0.157799063282551,0.00164361212025589,0.154808207873031,0.161171427949717,0.155372111236436,0.157793579755542,0.160605795758655,0.285249945789854,0.00119880443105777,0.282465761066616,0.287779169569149,0.283396520482834,0.285237911019975,0.287164489391918,0.468522279741232,0.00157068587172154,0.465185071791114,0.471920312622891,0.465848261006301,0.46871528679021,0.470776640976027
24,"irregular","linear",0.002,"independent",0.600400944291883,0.00312458984505715,0.593177037852523,0.606797334440411,0.596065247073051,0.599994143703296,0.606072245452962,0.0261043888822558,0.000135851732393789,0.0257903059935879,0.026382492801757,0.025915880307524,0.0260867019001433,0.026350967193607,0.00150100236072971,7.81147461264286e-06,0.00148294259463131,0.00151699333610103,0.00149016311768263,0.00149998535925824,0.00151518061363241,0.0015135733657101,9.23117724174746e-06,0.0014970238538591,0.00154344918738519,0.00150169848028295,0.00151194141556264,0.00152827301618365,0.156921712618178,0.00183718891194535,0.153670835972063,0.162846948190172,0.154624027428455,0.15689599451568,0.159741663553534,0.284797406259016,0.00145567594724932,0.281401651961989,0.287577354340547,0.28245974992461,0.284773014415352,0.287327302867864,0.467886347764612,0.00165616502955583,0.464497887734176,0.47151439737834,0.465269477127752,0.46776963109194,0.470630871441435
48,"irregular","linear",0.002,"independent",0.603193928582014,0.00408231110815382,0.597077494915282,0.616132328238881,0.598641640394316,0.602029431535335,0.610254540636011,0.0128339133740854,8.6857683152209e-05,0.0127037764875592,0.0131091984731677,0.0127370561786025,0.0128091368411773,0.0129841391624683,0.00150798482145504,1.02057777703846e-05,0.0014926937372882,0.0015403308205972,0.00149660410098579,0.00150507357883834,0.00152563635159003,0.00155824563111412,2.47471168334012e-05,0.00152275942007974,0.00162902120285719,0.00152942097883285,0.00155004358431441,0.00160808239021616,0.156558259551879,0.0017383243781769,0.152919377370342,0.16042622992973,0.153492979188415,0.156450361813519,0.159140815673718,0.284737863575134,0.0015233706673938,0.281605854003999,0.287713222897028,0.282004252562952,0.284611713704934,0.286965597225389,0.467996790051666,0.00173121650553622,0.4643337819012,0.472017724098371,0.465476688723456,0.467708853011046,0.470931831167187
96,"irregular","linear",0.002,"independent",0.62116191375798,0.00801904181936395,0.60475375551325,0.640782834394172,0.608768686019049,0.621013030800042,0.634453271048671,0.00653854646061032,8.44109665196204e-05,0.00636582900540263,0.00674508246730707,0.00640809143177946,0.00653697927157939,0.00667845548472286,0.00155290478439495,2.00476045484099e-05,0.00151188438878313,0.00160195708598543,0.00152192171504762,0.00155253257700011,0.00158613317762168,0.00173890743722686,5.90309450912359e-05,0.00162673386808263,0.00188902721770594,0.00165386387558984,0.00172313104886609,0.00183516373631929,0.156473789719683,0.00147116531880797,0.15334642988886,0.159726531338094,0.154070688815715,0.15638798703092,0.158536547443415,0.284241525412339,0.00169016437028218,0.278995414632438,0.288063139726105,0.281739960650655,0.284377764122601,0.286714126568491,0.467929272657412,0.00167908182985154,0.463161778151095,0.47217646333331,0.465225539024587,0.46807271769739,0.470407016214113
6,"regular","linear",0.002,"independent",0.600467748792376,0.00264842529051853,0.59569171336186,0.606773224279539,0.597015529164286,0.600349278983505,0.605720470404155,0.120093549758475,0.000529685058103706,0.119138342672372,0.121354644855908,0.119403105832857,0.120069855796701,0.121144094080831,0.00150116937198094,6.62106322629633e-06,0.00148922928340465,0.00151693306069885,0.00149253882291071,0.00150087319745876,0.00151430117601039,0.00150152073324203,6.63635663963547e-06,0.00148973912632618,0.00151702399147877,0.00149289667606281,0.00150114355060306,0.00151497824216022,0.250147550189112,0.00182070586589846,0.246596006361791,0.255416618355994,0.247582804801611,0.249933364877084,0.252571531755707,0.400025389767343,0.00157598445263772,0.394574334528278,0.403964890871454,0.397900562033568,0.399950505134682,0.402273650707912,0.549958213405899,0.00165719419473068,0.546131207677578,0.553523278855555,0.54763057613392,0.549662870655246,0.552689978807665
12,"regular","linear",0.002,"independent",0.599928480325761,0.00259746236730588,0.593813182301441,0.606104635745401,0.595964515770336,0.599974165583752,0.602992914104975,0.0545389527568874,0.000236132942482353,0.0539830165728583,0.0551004214314001,0.0541785923427578,0.0545431059621592,0.0548175376459068,0.0014998212008144,6.49365591826471e-06,0.0014845329557536,0.0015152615893635,0.00148991128942584,0.00149993541395938,0.00150748228526244,0.00150171428116475,6.39755779400304e-06,0.00148787039173008,0.00151637938464352,0.00149166302095498,0.00150193813779282,0.00151057568752674,0.250047361419151,0.00175865287588385,0.245267522109507,0.253336415424458,0.247249423908721,0.250279497154061,0.252212875099666,0.400012262975558,0.00136149344183521,0.397238135729759,0.403030330122241,0.398104029318711,0.399954226316219,0.4023752267227,0.549858236782308,0.00141579504266848,0.546230644636179,0.553067346739794,0.548043150131182,0.549715689589603,0.552401342201771
24,"regular","linear",0.002,"independent",0.599813449179209,0.00324839125794663,0.59205103727718,0.606982718212902,0.594378279820966,0.59987498894839,0.60523810896944,0.0260788456164873,0.000141234402519419,0.0257413494468339,0.0263905529657784,0.0258425339052594,0.0260815212586257,0.0263147003899757,0.00149953362294802,8.12097814486658e-06,0.00148012759319295,0.00151745679553226,0.00148594569955241,0.00149968747237098,0.0015130952724236,0.00150794207979035,8.54086117207034e-06,0.00149006900329235,0.00153260293929125,0.0014956823979369,0.00150744491224157,0.00152192197305907,0.250200302397992,0.00131434938216877,0.246125859725797,0.253902997743185,0.248190102765889,0.250250493350894,0.251798148366875,0.399743586963841,0.00133412403713802,0.396729730145864,0.402574991981281,0.397847231033908,0.399753773715651,0.401871208964162,0.549793968063697,0.00149350442998286,0.546724176981191,0.552886275972835,0.547778295893903,0.54960286386768,0.551977678217194
48,"regular","linear",0.002,"independent",0.600333911970779,0.00230348044161145,0.595198938416959,0.606466295996484,0.596847895338781,0.600208422520135,0.603698953382977,0.0127730619568251,4.90102221619456e-05,0.0126638072003608,0.0129035382126911,0.0126988913901868,0.0127703919685135,0.0128446585826165,0.00150083477992695,5.75870110402862e-06,0.0014879973460424,0.00151616573999121,0.00149211973834695,0.00150052105630034,0.00150924738345744,0.00153831343869726,1.08221484590294e-05,0.00152337120204216,0.0015712209505562,0.00152474629359542,0.00153645750918258,0.00155925517364417,0.249815037976314,0.00172194992627807,0.245879518502284,0.253628160065732,0.246865679832502,0.25010455960498,0.25229064354214,0.399948209622717,0.00135214361264874,0.396743348496403,0.402822004713467,0.397976927862988,0.399970951518339,0.402100921928774,0.549949366850175,0.00168745009536484,0.545823917764094,0.555124024947248,0.547264633140517,0.550071134312314,0.552302366252025
96,"regular","linear",0.002,"independent",0.602405823717672,0.00423508997026801,0.595611008762107,0.61535862188931,0.59681286292208,0.601882343878722,0.611369777347929,0.00634111393387023,4.45798944238738e-05,0.00626958956591691,0.00647745917778221,0.00628224066233769,0.00633560361977602,0.00643547134050452,0.00150601455929418,1.058772492567e-05,0.00148902752190527,0.00153839655472327,0.0014920321573052,0.00150470585969681,0.00152842444336982,0.00164727341508525,2.77381407773658e-05,0.00159932934739076,0.0017176783263776,0.00160628080446649,0.00164697997393257,0.00169381853127765,0.250155632556267,0.00148237152793654,0.246999745629769,0.253671175590328,0.247536580518722,0.250142790011225,0.252326379677176,0.399826973555781,0.0013807592397572,0.396377308489619,0.402866257854982,0.397779663623767,0.399686855431895,0.40208794673588,0.54982529722208,0.00162233077284065,0.546274489109445,0.553189928132147,0.547403918766994,0.549531704246423,0.552695770881802
6,"irregular","narrow_peak",0.002,"independent",0.921981445539209,0.00601420121230038,0.911022118834311,0.936068894063255,0.913653030459718,0.921840954731599,0.932535501040133,0.184396289107842,0.00120284024246007,0.182204423766862,0.187213778812651,0.182730606091944,0.18436819094632,0.186507100208027,0.00230495361384802,1.5035503030751e-05,0.00227755529708578,0.00234017223515814,0.0022841325761493,0.002304602386829,0.00233133875260033,0.00334783477927934,1.6005901489716e-05,0.00331809998007645,0.00338389527675086,0.00332596299663248,0.00334556322137723,0.00337606338660725,0.199347898757754,0.0012151582018079,0.195833109644639,0.201734704086779,0.197513790311694,0.199606254309194,0.200934947942557,0.200625274340928,0.00104332275876243,0.198396921591662,0.202877905187282,0.198735695298134,0.200777280712469,0.202067168102751,0.202202324318989,0.00115198109287897,0.199586162726354,0.204549895112781,0.200455356783334,0.202151904368811,0.2039186736996
12,"irregular","narrow_peak",0.002,"independent",0.414688005551478,0.0081018209053686,0.400306565871875,0.439139156174809,0.402943072652969,0.413288449911941,0.425316485316805,0.0376989095955889,0.000736529173215327,0.0363915059883522,0.0399217414704372,0.0366311884229971,0.0375716772647219,0.0386651350288005,0.00103672001387869,2.02545522634215e-05,0.00100076641467969,0.00109784789043702,0.00100735768163242,0.00103322112477985,0.00106329121329201,0.00205175981095594,2.56329214951594e-05,0.00200700670301825,0.00211952324558997,0.00201584045384889,0.00204436732709634,0.002105054521865,0.198779091394676,0.000970076542979452,0.196287257647187,0.20061083175719,0.197222691044694,0.198946937750585,0.200161003144957,0.200304601014322,0.000808406242392213,0.198791186452144,0.201882901795456,0.198981865359663,0.200301016075939,0.201673392100782,0.202192861715981,0.000909847266343922,0.200255371848579,0.204335949167976,0.200722409853353,0.202208966978515,0.203879028236301
24,"irregular","narrow_peak",0.002,"independent",1.0409592438762,0.00968026804244559,1.02357993346566,1.06513918878515,1.02477819348858,1.04036048945786,1.05668471629741,0.0452590975598349,0.000420881219236765,0.0445034753680723,0.0463103995123976,0.0445555736299384,0.0452330647590373,0.0459428137520615,0.0026023981096905,2.4200670106114e-05,0.00255894983366416,0.00266284797196286,0.00256194548372146,0.00260090122364465,0.00264171179074354,0.00694671262512031,3.48872321612797e-05,0.00687102732674268,0.00704988982708459,0.00689699139482828,0.00694525552507965,0.00701579445901841,0.199048030419514,0.000562774572601787,0.197753567261623,0.200552740987448,0.198282831926539,0.19902680152236,0.20002931913452,0.200322374442535,0.000510177659949679,0.199042371163139,0.201276433893332,0.199382202861591,0.200398510460193,0.200916064196241,0.202009647623115,0.000592533150626817,0.200146070249084,0.203347524990844,0.201273391512368,0.201985134106734,0.202991198272038
48,"irregular","narrow_peak",0.002,"independent",1.01019528648225,0.0112630107280816,0.988561397561131,1.03617891065893,0.99319922639805,1.00996763572601,1.02629027450816,0.0214935167336649,0.000239638526129396,0.0210332212247049,0.0220463598012538,0.0211318984340011,0.0214886731005534,0.0218359632874076,0.00252548821620562,2.8157526820204e-05,0.00247140349390283,0.00259044727664732,0.00248299806599513,0.00252491908931502,0.00256572568627039,0.00701301205628014,3.95524533381537e-05,0.00693653820567472,0.00712852645641016,0.00695229141204607,0.00701186452469919,0.00707013463379464,0.199053390189282,0.000380668554744115,0.198262566078187,0.199995625039498,0.198421612358401,0.199055935406158,0.199569019610315,0.200430775984279,0.000346651940143452,0.199733481980666,0.201402142861182,0.199999732849311,0.200373065496625,0.200947361403537,0.202135848331538,0.000404418366939614,0.201117265813038,0.202931638074727,0.20154023505606,0.20215539114433,0.202819397136667
96,"irregular","narrow_peak",0.002,"independent",1.1775236115168,0.0205583635518853,1.14069655591592,1.23696748546322,1.14869925647559,1.17581626786607,1.20881691952888,0.0123949853843874,0.00021640382686195,0.012007332167536,0.013020710373297,0.0120915711207957,0.0123770133459586,0.0127243886266198,0.00294380902879201,5.13959088797132e-05,0.00285174138978981,0.00309241871365805,0.00287174814118897,0.00293954066966517,0.00302204229882221,0.00740724108591379,3.75091198320995e-05,0.00734263976198763,0.00748105026412976,0.00736105283113561,0.00740682243547319,0.00747665914057001,0.198973988823231,0.000263678720975718,0.19855693853924,0.199612714194571,0.198620645161231,0.198938239906363,0.199485781633875,0.200397833697896,0.000279766808670914,0.199865521462523,0.200900733968714,0.199974798793975,0.200372230143859,0.200844204054798,0.202168615959461,0.00035384781212219,0.201453296866269,0.202923266026247,0.201607603200822,0.2022054593047,0.202695435284395
6,"regular","narrow_peak",0.002,"independent",0.486904749702721,0.0053749182981715,0.472551695335181,0.49680070992569,0.477419902574239,0.486322251432078,0.495233836497131,0.0973809499405442,0.0010749836596343,0.0945103390670363,0.099360141985138,0.0954839805148478,0.0972644502864157,0.0990467672994261,0.0012172618742568,1.34372957454288e-05,0.00118137923833795,0.00124200177481422,0.0011935497564356,0.0012158056285802,0.00123808459124283,0.00189883611393651,1.78367373277718e-05,0.00184157173191096,0.00193116727339943,0.00187376853147235,0.00189675760646799,0.00192594904241059,0.199104626870537,0.00109031513144366,0.196849731470245,0.201476403001145,0.197554061154775,0.199124562531652,0.201015341654298,0.200305522104052,0.00106373382460953,0.197391607326648,0.20217207178242,0.198395659203843,0.200356723697096,0.201962914847852,0.201839876871985,0.000990686273017999,0.199110501663464,0.204687190006242,0.200394018914948,0.201778312505047,0.203258274449037
12,"regular","narrow_peak",0.002,"independent",0.629802332815476,0.00796020272391536,0.613802640773928,0.650403257911425,0.617964894030028,0.629238683002645,0.642704725145946,0.0572547575286796,0.000723654793083216,0.0558002400703571,0.0591275689010386,0.0561786267300025,0.0572035166366041,0.0584277022859951,0.00157450583203869,1.99005068097884e-05,0.00153450660193482,0.00162600814477856,0.00154491223507507,0.00157309670750661,0.00160676181286487,0.00350806636435103,2.76451939018135e-05,0.00345643561636939,0.00357267281083176,0.00346538215129985,0.00350924660087897,0.00354509623260677,0.199082780253717,0.000858702339334836,0.197208134277253,0.201406606199194,0.197608025000253,0.198994902179424,0.200271055005133,0.200476632501983,0.000793312574708579,0.198856265766279,0.202341019285595,0.19944057738454,0.200404080139571,0.20190084507132,0.202207579067963,0.000947465021367633,0.200498929938369,0.204532228599904,0.20066503561916,0.202299350881191,0.203804684271967
24,"regular","narrow_peak",0.002,"independent",1.0214912332489,0.00981599367390833,1.00412291871382,1.0457023804741,1.00619417447155,1.02236976931255,1.03674381707782,0.0444126623151694,0.000426782333648188,0.0436575182049487,0.0454653208901781,0.0437475728031109,0.0444508595353282,0.0450758181338183,0.00255372808312224,2.45399841847708e-05,0.00251030729678455,0.00261425595118524,0.00251548543617887,0.00255592442328137,0.00259185954269455,0.00675373968285388,2.94689363131075e-05,0.00667434151427754,0.00682623276824707,0.00670592807593557,0.00675307788000716,0.00679939686126042,0.198966103038916,0.000567503822546917,0.198006874884552,0.200033668685841,0.198125828250273,0.198878608773081,0.199967137006194,0.200481192746449,0.00054480953005425,0.199149693523921,0.201332619896443,0.199509771350854,0.200653096148021,0.201240495198304,0.202090715680283,0.000630654526918433,0.20051469912274,0.203200170507628,0.201133155976141,0.202007221467414,0.203087151658773
48,"regular","narrow_peak",0.002,"independent",1.06662362563054,0.0109018814066885,1.0423465082664,1.09631737856399,1.04998065625089,1.06714137034403,1.07932180502509,0.0226941196942668,0.000231954923546564,0.0221775852822637,0.0233259016715744,0.0223400139627849,0.0227051355392347,0.022964293723938,0.00266655906407635,2.72547035167213e-05,0.00260586627066599,0.00274079344640999,0.00262495164062722,0.00266785342586008,0.00269830451256271,0.00715173210540807,3.11426051146708e-05,0.00707835141412117,0.00722021737729445,0.00711018058044149,0.00714916848210373,0.00719796017558473,0.199010266027398,0.000404154890548745,0.197806995071369,0.199937613212225,0.198428082179573,0.199021056514092,0.19962385287057,0.200460698285796,0.00037108901220484,0.199762473939754,0.201096883559149,0.199836594346551,0.200477570825773,0.201025549882383,0.202336864934524,0.000532488816938241,0.201145463586536,0.204118247451668,0.201581649812212,0.202315289626897,0.203108346657519
96,"regular","narrow_peak",0.002,"independent",1.16854744773797,0.0182503714550602,1.12857919170945,1.22637339946936,1.14155922171536,1.16686983785236,1.19047397733878,0.0123004994498734,0.00019210917321116,0.0118797809653626,0.0129091936786249,0.0120164128601617,0.0122828403984459,0.0125313050246187,0.00292136861934493,4.56259286376505e-05,0.00282144797927362,0.0030659334986734,0.00285389805428841,0.00291717459463091,0.00297618494334695,0.00742787584460418,2.86931623818029e-05,0.00736781011729534,0.00749018857248872,0.007380887797196,0.0074293991964616,0.00747122538592008,0.198991404877459,0.000244175420437514,0.198426990625643,0.199440418708666,0.198545899776306,0.199031186226766,0.199386922680279,0.200489732087877,0.000287126845101043,0.199831856508319,0.201031630183593,0.200056791872953,0.20048669507203,0.200966738342283,0.202386635182253,0.000363828157033003,0.201588333443365,0.203244090940652,0.201836855743225,0.202390151905904,0.203036659163267
6,"irregular","oscillatory",0.002,"independent",0.517582224351479,0.00863220887135769,0.500368878967903,0.538472637961416,0.505881922558104,0.515569107925824,0.533378888839908,0.103516444870296,0.00172644177427154,0.100073775793581,0.107694527592283,0.101176384511621,0.103113821585165,0.106675777767982,0.0012939555608787,2.15805221783942e-05,0.00125092219741976,0.00134618159490354,0.00126470480639526,0.00128892276981456,0.00133344722209977,0.0015170541355159,2.58694812463052e-05,0.0014596269682104,0.001569681551564,0.00147713113827824,0.00151977698213524,0.00155878052350545,0.39934598790477,0.00162344575903777,0.396302463370226,0.403002876639704,0.397161355735472,0.399366664104332,0.40237072864037,0.446904312153828,0.00114700144033235,0.444476931211061,0.449795786044199,0.445202650352194,0.447017639044863,0.44864400534027,0.495584925046052,0.00165619947034569,0.491808429081262,0.499294713250166,0.492870608493385,0.495706220452086,0.498392283307284
12,"irregular","oscillatory",0.002,"independent",1.60123208964045,0.0107074204696816,1.5727521784514,1.62298588901641,1.58331594623378,1.60199023247765,1.61818976493729,0.145566553603677,0.000973401860880142,0.142977470768309,0.147544171728765,0.14393781329398,0.145635475679787,0.147108160448844,0.00400308022410113,2.67685511742039e-05,0.00393188044612851,0.00405746472254103,0.00395828986558445,0.00400497558119413,0.00404547441234321,0.00494052544379471,3.52700704813415e-05,0.00486263569862779,0.00502059169098052,0.00488339062040656,0.00494214203672674,0.00499449537852031,0.383289810120668,0.00121187477136318,0.381109812944718,0.386464686506474,0.381623647538191,0.383190116235411,0.385705287175497,0.437385390550689,0.00146406816342208,0.434132102672911,0.440827419283211,0.43520904121537,0.437130404514662,0.439742040784971,0.497092567792565,0.00119857314650133,0.494501096301783,0.500186794899131,0.49526381353646,0.49707065818514,0.498918796971266
24,"irregular","oscillatory",0.002,"independent",2.98683029910144,0.0124326135513,2.95846704639785,3.01057778127747,2.96676474911386,2.98790715078417,3.00397694453161,0.129862186917454,0.000540548415273914,0.128629002017298,0.130894686142499,0.128989771700603,0.129909006555833,0.130607693240505,0.00746707574775359,3.10815338782501e-05,0.00739616761599462,0.00752644445319367,0.00741691187278466,0.00746976787696042,0.00750994236132902,0.00832188930114242,3.38000577922001e-05,0.00825039470659966,0.00837688747168845,0.00826784847970229,0.0083203549135414,0.00837170474633714,0.325764355518381,0.00150849115419833,0.322210868340965,0.329929470638952,0.323472729653522,0.325772923434063,0.328117932444766,0.400133917274128,0.00130900404207112,0.397538352777441,0.402437866729859,0.398040934266358,0.400247515202432,0.401959033286885,0.518782606383404,0.00170900193367597,0.514182096100424,0.522306642698292,0.515969105867266,0.51896796953452,0.521300648309629
48,"irregular","oscillatory",0.002,"independent",3.43508333226404,0.0138467422991097,3.40425185531509,3.47358418588635,3.4149905280068,3.43509020463262,3.4577951538786,0.0730868794098732,0.000294611538278931,0.072430890538619,0.0739060465082201,0.072659372936315,0.0730870256304812,0.0735701096569916,0.0085877083306601,3.46168557477742e-05,0.00851062963828773,0.00868396046471586,0.00853747632001701,0.00858772551158154,0.00864448788469651,0.00959391100575662,3.45102745756778e-05,0.00951541723541645,0.00969336159772618,0.00954455601747299,0.00959007649063908,0.00964857020964003,0.322371914598832,0.00146631782908651,0.319407698078987,0.325674399163919,0.319601849686987,0.322242532854726,0.324920536638403,0.409720252566556,0.00134217983326972,0.406438728482412,0.412718842864748,0.407829480855781,0.409678095720723,0.41207266892237,0.511955834393786,0.00107653122920117,0.509630000888089,0.51509043638306,0.510267389711462,0.511948536575704,0.513530353452626
96,"irregular","oscillatory",0.002,"independent",3.57474035338422,0.0139068438388665,3.5432577551698,3.60773625081688,3.55370703428004,3.57466412578201,3.59788880431391,0.037628845825097,0.000146387829882806,0.037297450054419,0.0379761710612303,0.0374074424661057,0.0376280434292843,0.0378725137296201,0.00893685088346054,3.47671095971663e-05,0.00885814438792451,0.0090193406270422,0.0088842675857001,0.00893666031445503,0.00899472201078477,0.00993452804454254,2.70787330549172e-05,0.00986715516619718,0.00998627886777879,0.00989022387777822,0.00993520486094403,0.0099758566099544,0.313132729359699,0.0015096763762474,0.308094944277164,0.315921785544693,0.310688555043525,0.313393956410952,0.315327209743725,0.416013302948954,0.00124329279548822,0.413525774830076,0.41878517168228,0.414175773633034,0.415999845230338,0.41796960033603,0.508401360772344,0.00110747985780645,0.50593847845549,0.510659351281022,0.5065143615675,0.508386909052383,0.510275473445913
6,"regular","oscillatory",0.002,"independent",0.570120149285513,0.00501905761452146,0.55765096513038,0.580704642337406,0.562110944989749,0.569573348888248,0.578458024505288,0.114024029857103,0.00100381152290429,0.111530193026076,0.116140928467481,0.11242218899795,0.11391466977765,0.115691604901058,0.00142530037321378,1.25476440363037e-05,0.00139412741282595,0.00145176160584351,0.00140527736247437,0.00142393337222062,0.00144614506126322,0.00155995363768285,1.35765762743461e-05,0.00152314942605926,0.00158618437984444,0.00154042736209371,0.00156019221949398,0.00158024879138945,0.333330793985887,0.00153838972123633,0.329262756429216,0.336424445414046,0.330610107891079,0.333569582681983,0.335731268669344,0.399741220564379,0.00158920053862581,0.397011119829994,0.404369567678164,0.397605053925902,0.399812847666444,0.402518840383407,0.466673735148889,0.00159436096869401,0.463131601130832,0.470735999453225,0.464184381894726,0.466505191506299,0.469038475797003
12,"regular","oscillatory",0.002,"independent",2.08468616162745,0.0126828813213488,2.05672501959403,2.11559672483543,2.06779469339547,2.08237813167322,2.10554614453848,0.189516923784314,0.00115298921103171,0.186975001781276,0.192326974985039,0.187981335763224,0.189307102879384,0.191413285867135,0.00521171540406864,3.17072033033722e-05,0.00514181254898508,0.00528899181208857,0.00516948673348866,0.00520594532918305,0.00526386536134621,0.00577087036935256,3.19293399737818e-05,0.00571102247635589,0.00583132406660127,0.0057159321866399,0.00577089072010903,0.00581026719516401,0.310655837173228,0.0017849714655156,0.306444079121407,0.314877777135663,0.307549106868862,0.310920322217105,0.31353834947241,0.400374810744613,0.00139643180493709,0.397000135213612,0.403815849428483,0.397927066195886,0.400555487555021,0.40209214563188,0.489519109796693,0.00154414948444544,0.486551795453165,0.494229989127514,0.487368245875615,0.489400310276927,0.491820886127574
24,"regular","oscillatory",0.002,"independent",3.2095597210405,0.0167704033550618,3.1752265416812,3.25181703180453,3.18605276718205,3.20664505758792,3.24126318472726,0.139546074827848,0.000729147971959207,0.138053327899183,0.141383349208893,0.138524033355741,0.13941935032991,0.14092448629249,0.00802389930260125,4.19260083876544e-05,0.007938066354203,0.00812954257951134,0.00796513191795513,0.0080166126439698,0.00810315796181816,0.00891050431466955,3.86693635209109e-05,0.00882086536699622,0.00901533679161858,0.00886031235221336,0.00890567960956784,0.00898946019034215,0.301548796849686,0.00164466487193602,0.298798867780252,0.30497750193153,0.299100731188067,0.301692362160639,0.304503742545682,0.400082761353732,0.00133195335876895,0.397166734308706,0.402402573238061,0.398145050983612,0.40011328564136,0.402104218188416,0.49828470574791,0.00136546653546484,0.495758446537511,0.501865384499727,0.496121827408151,0.498189977014911,0.500695730893097
48,"regular","oscillatory",0.002,"independent",3.50572458154151,0.0149160167982539,3.47398665103338,3.54235114865273,3.47598167377544,3.50870514694286,3.52488065347394,0.0745898847136491,0.000317362059537317,0.073914609596455,0.0753691733755901,0.0739570568888391,0.0746533009987843,0.0749974607122114,0.00876431145385377,3.72900419956346e-05,0.00868496662758346,0.00885587787163183,0.0086899541844386,0.00877176286735716,0.00881220163368484,0.00973656747838281,2.63025947691095e-05,0.00969285081251129,0.00979466327704941,0.00969537817965924,0.00973460425555522,0.00978352047924286,0.297672645468187,0.00144312935344665,0.29379794289521,0.300999737158866,0.29565602505745,0.297673568948262,0.299924315346365,0.39994530400567,0.00152580708689754,0.397250505116509,0.404172883767863,0.397661607622928,0.400133718331659,0.402834391883815,0.50241383017493,0.00167048184836464,0.499122179375262,0.505554680820472,0.499766805909813,0.502552563254374,0.505016352155056
96,"regular","oscillatory",0.002,"independent",3.58125369701137,0.0121665640799958,3.55471077092382,3.61213025016535,3.56558067607937,3.5806600197365,3.60373836022848,0.0376974073369618,0.000128069095578904,0.0374180081149876,0.0380224236859511,0.0375324281692565,0.0376911581024895,0.0379340880024051,0.00895313424252843,3.04164101999895e-05,0.00888677692730956,0.00903032562541338,0.00891395169019842,0.00895165004934126,0.00900934590057121,0.0099584299687483,2.20025022192313e-05,0.0099136224321267,0.0100059315190983,0.00992231901609353,0.00995912864381188,0.00998877935156402,0.295751167114618,0.00140297987586992,0.292184019647611,0.298408608673365,0.293358470916954,0.295972467607931,0.297896501817819,0.400347705389486,0.00133879924412797,0.397971892115956,0.404636387863936,0.398431735692772,0.400160660548282,0.402410751247552,0.50433279228831,0.00147093970576812,0.501492470025339,0.507511669999039,0.501935787864767,0.504347299284409,0.506668671370829
6,"irregular","flat",0.01,"independent",0.059646864820275,0.0186940675216291,0.0231978017576406,0.105269329535356,0.0316334777112802,0.0585881018523431,0.0980035269369049,0.011929372964055,0.00373881350432582,0.00463956035152812,0.0210538659070712,0.00632669554225604,0.0117176203704686,0.019600705387381,0.000149117162050687,4.67351688040728e-05,5.79945043941015e-05,0.00026317332383839,7.90836942782005e-05,0.000146470254630858,0.000245008817342262,0.00020335668492221,6.28393940779012e-05,7.91967912359724e-05,0.000351082721128814,0.000117011111522531,0.000192417462872862,0.000305498178493086,0.294250108322547,0.00513149007636296,0.282094150716499,0.303761299708843,0.285910532458413,0.29352338980968,0.303020884530934,0.299962387185016,0.00486220397423455,0.291561983092397,0.313298654622826,0.293019175395547,0.299135832996099,0.308007430663988,0.306039366961955,0.00514355022308731,0.29576642336648,0.31921805240134,0.299663740331623,0.304526850699713,0.31499332698314
12,"irregular","flat",0.01,"independent",0.119828355920344,0.0327757546910915,0.054515239956378,0.220839657882816,0.0689407995523504,0.120245864136592,0.165386509401425,0.0108934869018495,0.0029796140628265,0.00495593090512527,0.0200763325348015,0.00626734541385004,0.0109314421942356,0.0150351372183114,0.00029957088980086,8.19393867277287e-05,0.000136288099890945,0.000552099144707041,0.000172351998880876,0.000300614660341479,0.000413466273503563,0.000441001920427118,0.000146464482555566,0.000241488393261577,0.000910776448455374,0.000262741644705519,0.000417735180619177,0.00072515738532482,0.293374898107844,0.00376897181564181,0.285637820157287,0.301204650390205,0.287722814182115,0.292901462032592,0.299078786136711,0.299700263102082,0.00390582539455628,0.293485330975453,0.309043948671366,0.294041638986319,0.300101433540497,0.305786260846101,0.305732853475377,0.00353625261581394,0.297946759028173,0.312774093660652,0.300061529574004,0.305764300292677,0.312041553836995
24,"irregular","flat",0.01,"independent",0.252417294182774,0.047299167500734,0.17429076086027,0.377413427113911,0.17982671778757,0.247972693496992,0.332039447826734,0.0109746649644684,0.00205648554351017,0.00757785916783781,0.0164092794397353,0.00781855294728563,0.010781421456391,0.0144364977315971,0.000631043235456934,0.000118247918751835,0.000435726902150674,0.000943533567784777,0.000449566794468924,0.000619931733742481,0.000830098619566836,0.000990578222923445,0.000239097554134728,0.000645409908781325,0.00187119165602393,0.000684639466265425,0.000964630143949119,0.00131923308288548,0.293710380601485,0.00209499126551098,0.289034201593982,0.298860786564031,0.290667193232583,0.293535019402826,0.297532575016218,0.300070078273719,0.0017495646721911,0.296542916164535,0.303656327968166,0.297318097852617,0.30012683455479,0.302645065179999,0.306095418645293,0.00271357300620414,0.301292577542197,0.314267140976034,0.301972429087335,0.305859752627983,0.310194376883591
48,"irregular","flat",0.01,"independent",0.540725163060228,0.0816648619196388,0.364913652777937,0.724371235678174,0.419045759916841,0.546546416055855,0.673802097447853,0.0115047907034091,0.00173755025360934,0.00776412027187101,0.0154121539505994,0.00891586723227321,0.0116286471501246,0.014336214839316,0.00135181290765057,0.000204162154799097,0.000912284131944844,0.00181092808919544,0.0010476143997921,0.00136636604013964,0.00168450524361963,0.00210550740597465,0.000364126712923702,0.00149948015881679,0.00308333128012913,0.00158783538956116,0.00211861224813606,0.00274947951514443,0.293691189811322,0.00202746921867747,0.288385394102531,0.298756120237999,0.290467020072795,0.293672455435961,0.297725440851756,0.300401455506807,0.00194283239002074,0.29633353103354,0.304122731476832,0.297472441238853,0.300446943441852,0.303759096066207,0.306925812442154,0.00202931987815888,0.303208904774752,0.312972769963795,0.303772485497624,0.306693551352748,0.309798301743385
96,"irregular","flat",0.01,"independent",1.05731497162569,0.0839589588689909,0.849495203345501,1.23518215979313,0.907915451874928,1.04957237491605,1.19022954185999,0.0111296312802704,0.00088377851441043,0.00894205477205791,0.0130019174715067,0.00955700475657818,0.0110481302622742,0.0125287320195789,0.00264328742906421,0.000209897397172477,0.00212373800836375,0.00308795539948283,0.00226978862968732,0.00262393093729011,0.00297557385464999,0.00427624366252246,0.000622188403670833,0.00298500538048021,0.00596028279901922,0.00336707233482798,0.00423392868227142,0.00531584228570657,0.293417991958217,0.00138335060683471,0.290703764249978,0.296532803887611,0.291677421643461,0.293303482738497,0.29558814023722,0.299872524841074,0.00137835228972945,0.296939930965907,0.303311057657263,0.297501367815769,0.299894120325666,0.301870331647033,0.306538482069277,0.00146386175756914,0.303162120988302,0.309646541286061,0.304174645197194,0.306639290425921,0.308628478984983
6,"regular","flat",0.01,"independent",0.0541975097367806,0.0191393101668554,0.0185856649268891,0.106102743275196,0.0295021040369609,0.0522258394760296,0.0851153471776451,0.0108395019473561,0.00382786203337108,0.00371713298537782,0.0212205486550393,0.00590042080739218,0.0104451678952059,0.017023069435529,0.000135493774341952,4.78482754171385e-05,4.64641623172228e-05,0.000265256858187991,7.37552600924022e-05,0.000130564598690074,0.000212788367944113,0.000163493204819942,5.52586434722905e-05,6.01914395825145e-05,0.00031982832231095,8.91008860075658e-05,0.000153721182182638,0.000256681191593528,0.294745654308603,0.00548442782080979,0.284659850964215,0.307170406261869,0.286891927922285,0.294305632750048,0.304322042816986,0.299382664233587,0.00553519099861277,0.286824482589014,0.312017855103972,0.29169190122903,0.298001955803556,0.309068956550775,0.304549093698667,0.00545513134607273,0.289978804387196,0.314576875465558,0.296513282379058,0.30494320718963,0.311679814900595
12,"regular","flat",0.01,"independent",0.118703367884024,0.0293787357558065,0.0620092608172175,0.191434033111077,0.0766375339242189,0.116480499560236,0.169686171241102,0.010791215262184,0.00267079415961877,0.00563720552883796,0.0174030939191888,0.00696704853856536,0.0105891363236578,0.0154260155673729,0.000296758419710059,7.34468393895163e-05,0.000155023152043044,0.000478585082777693,0.000191593834810547,0.000291201248900589,0.000424215428102754,0.000365029314492105,9.33147177103262e-05,0.000179631966831093,0.000607837377336841,0.00022586056886296,0.000357788896768415,0.000557217755872437,0.293841849400529,0.00334860598067168,0.2864988654414,0.299935845515628,0.287616219704029,0.294304868096925,0.298918539969508,0.299802888083231,0.00360147237809335,0.289796162594,0.305384045097752,0.294480625240562,0.299750811348982,0.305143492621605,0.305406910049123,0.00333444288406363,0.298892889364126,0.313147875934295,0.299991002605339,0.305657814606355,0.310596760223964
24,"regular","flat",0.01,"independent",0.25374030268583,0.0382821665935664,0.183562275889098,0.371595885160884,0.198676483801649,0.251278560261327,0.312986560703189,0.0110321870732969,0.00166444202580724,0.00798096851691732,0.0161563428330819,0.00863810799137606,0.0109251547939707,0.0136081113349213,0.000634350756714574,9.5705416483916e-05,0.000458905689722746,0.00092898971290221,0.000496691209504123,0.000628196400653318,0.000782466401757973,0.00077802652202084,0.000104392944882533,0.000565538692962238,0.0010666114366425,0.000608277088947294,0.000786640987376995,0.00094390445676025,0.29357146672427,0.00245201228246312,0.28820334078681,0.29952087522409,0.290369132037709,0.29311559143564,0.297408305158045,0.29984349227747,0.00220179365909518,0.296227280918084,0.305101663979165,0.296818109178532,0.299732779971355,0.303748187349616,0.305555931377089,0.00243474781915143,0.300889400594004,0.310980833424393,0.301617728661441,0.30526301656392,0.309759727366963
48,"regular","flat",0.01,"independent",0.524043018812877,0.0641653685691653,0.415794297068532,0.658468177520121,0.435670955124901,0.522498613052326,0.647429865909493,0.0111498514641038,0.00136522060785458,0.0088466871716709,0.0140099612238324,0.0092695947898915,0.0111169917670708,0.0137751035299892,0.00131010754703219,0.000160413421422913,0.00103948574267133,0.0016461704438003,0.00108917738781225,0.00130624653263082,0.00161857466477373,0.0016289925365071,0.000195495780272506,0.00133957434066063,0.00209616241591205,0.00136614083299024,0.0016325495711083,0.00195961658558621,0.293967793276337,0.00149196557173265,0.290692389274355,0.296849854630339,0.291639182263566,0.294032371801032,0.296596619139513,0.300536896531915,0.00156718029094742,0.29652106277883,0.303902122129768,0.298192888504064,0.300633407101586,0.302525681660951,0.306779008879351,0.00179865510102287,0.302490799319866,0.310817108421528,0.304329255199522,0.306988064847464,0.309762669957635
96,"regular","flat",0.01,"independent",1.07270026921225,0.105587513774345,0.76070477358738,1.34444661202784,0.951757246950701,1.05986640828353,1.25648939196005,0.0112915817811815,0.00111144751341416,0.00800741866934084,0.014152069600293,0.0100184973363232,0.0111564885082476,0.0132262041258953,0.00268175067303062,0.000263968784435863,0.00190176193396845,0.00336111653006959,0.00237939311737675,0.00264966602070882,0.00314122347990012,0.00335568791725189,0.000309779923284939,0.00231911410154937,0.00417333027233766,0.00296700321723491,0.00333860719477542,0.00391641630214287,0.293138419071481,0.00141913277395698,0.289793347459985,0.29663496609491,0.290838713119186,0.293182851035026,0.295460064345831,0.299733718909739,0.00140909233009815,0.296176140627388,0.302751063848132,0.297986051003011,0.299740984250913,0.302073704790854,0.306412847796431,0.00168200862833779,0.302923899284246,0.309878134731867,0.303778052730368,0.306580808991268,0.30905269703853
6,"irregular","linear",0.01,"independent",0.600959499915905,0.0158222318390304,0.565486211239192,0.632388623730414,0.572077710691384,0.603392525372649,0.624542121675945,0.120191899983181,0.00316444636780608,0.113097242247838,0.126477724746083,0.114415542138277,0.12067850507453,0.124908424335189,0.00150239874978976,3.9555579597576e-05,0.00141371552809798,0.00158097155932604,0.00143019427672846,0.00150848131343162,0.00156135530418986,0.00151803537334287,4.21040954861793e-05,0.00143085567557465,0.00160980682114433,0.00144845407169211,0.00152348598153033,0.00159293206051839,0.161133991640214,0.00878587247023487,0.145128107421297,0.183354130070535,0.147113969392484,0.16098802236865,0.17392598968495,0.290192627043982,0.00780954866801593,0.275034082622184,0.307581666965384,0.277298988549166,0.291172824299166,0.303733569000807,0.470832192870933,0.00764417486325682,0.453943943054654,0.485720314232207,0.459378425624682,0.470806730047772,0.484364700618599
12,"irregular","linear",0.01,"independent",0.602861363090626,0.0146031177113177,0.571685613298104,0.62865126651773,0.58022119001287,0.6018497620506,0.625335725070358,0.0548055784627842,0.00132755615557434,0.0519714193907368,0.0571501151379755,0.0527473809102609,0.0547136147318728,0.0568487022791234,0.00150715340772656,3.65077942782943e-05,0.00142921403324526,0.00157162816629433,0.00145055297503218,0.0015046244051265,0.00156333931267589,0.00157280074335202,5.26508457131583e-05,0.0014690512888324,0.00169933803422377,0.00148394513710771,0.0015757501185584,0.00165417906103241,0.158651424343789,0.00732079779238507,0.142593655433717,0.173850393200535,0.147174282663625,0.158008743521745,0.171283450504077,0.285413432026277,0.00768070829186705,0.2708485015969,0.301135226721109,0.27151534083109,0.285964574441579,0.297410987479558,0.467629618356045,0.0072974046939461,0.447736976780674,0.486049016519728,0.457120670560438,0.467711773484376,0.478093313370889
24,"irregular","linear",0.01,"independent",0.629293804760177,0.0264682594688049,0.579833506770582,0.692976257345133,0.591355130281342,0.626164502414849,0.675316633038294,0.0273606002069642,0.00115079388994804,0.0252101524682862,0.0301294024932666,0.0257110926209279,0.0272245435832543,0.0293615927407954,0.00157323451190044,6.61706486720122e-05,0.00144958376692645,0.00173244064336283,0.00147838782570336,0.00156541125603712,0.00168829158259573,0.00180689456964515,0.000143162734156313,0.00161869148729307,0.00234104373767229,0.00166873436791915,0.00175911283962665,0.00208474765205174,0.157977481225666,0.00739268492284708,0.138648217801907,0.174412212241234,0.14663879502104,0.15724013818079,0.170418198769725,0.284728080693186,0.00586175271746963,0.274869466446297,0.297440909764706,0.27549458669603,0.285454683842418,0.293283754451266,0.468851061939465,0.00766434432241191,0.45124801080046,0.496382450218496,0.456579325761799,0.468659341831586,0.479774529137895
48,"irregular","linear",0.01,"independent",0.762820213466332,0.0486006537393744,0.66989609495903,0.888372970315704,0.690239171736329,0.76170604715794,0.835359259213119,0.0162302173077943,0.00103405646253988,0.0142531084033836,0.0189015525599086,0.0146859398241772,0.0162065116416583,0.0177736012598536,0.00190705053366583,0.000121501634348436,0.00167474023739758,0.00222093242578926,0.00172559792934082,0.00190426511789485,0.0020883981480328,0.00258814539657754,0.000322432548584947,0.00214495513731225,0.00363705703004565,0.00219945427612117,0.00254296890098503,0.00318188559876939,0.157503662772724,0.00570393400645798,0.147562114734628,0.1748814690858,0.150632789561633,0.156207309040467,0.166862256288636,0.284336232605834,0.00615738696597439,0.27099652699207,0.299022827563879,0.274155982704653,0.284463007013846,0.293182029656413,0.467252763249807,0.00729852607035145,0.448396768427224,0.484699042393884,0.454153754147097,0.467443101414929,0.478503592815205
96,"irregular","linear",0.01,"independent",1.20746813157597,0.0828251830220639,1.01739788314473,1.36955934700965,1.06305655438579,1.21515557579746,1.3389490404147,0.0127101908586944,0.000871844031811199,0.0107094514015235,0.014416414179049,0.0111900689935347,0.0127911113241838,0.0140942004254179,0.00301867032893992,0.00020706295755516,0.00254349470786183,0.00342389836752413,0.00265764138596448,0.00303788893949365,0.00334737260103674,0.00468572066565257,0.000546571862253103,0.00362645169169294,0.0065628504541781,0.00398548226230885,0.00457825741306302,0.00555018617782,0.158096768064685,0.00414200244645955,0.148593759061259,0.165585938634158,0.151071084068789,0.158546771308426,0.16380177528293,0.285240786983856,0.00471352979609441,0.275873728713603,0.295542263713055,0.278194156900675,0.286143758372288,0.292228861040614,0.468658678279003,0.00567019666699548,0.456453418120783,0.482192484191683,0.460006308495705,0.468613620015875,0.477954692666443
6,"regular","linear",0.01,"independent",0.598953699017679,0.015126739102781,0.564740102046828,0.630433980991208,0.574841649295736,0.598366245751755,0.622807537594773,0.119790739803536,0.0030253478205562,0.112948020409366,0.126086796198242,0.114968329859147,0.119673249150351,0.124561507518955,0.0014973842475442,3.78168477569525e-05,0.00141185025511707,0.00157608495247802,0.00143710412323934,0.00149591561437939,0.00155701884398693,0.00150833078394245,4.00526439676216e-05,0.00141349693161349,0.00158887092616762,0.00144506331795958,0.00150733465531215,0.00157585302662968,0.251973770580077,0.00804666598661791,0.232679327919219,0.264662593393861,0.236676884520284,0.252656262615851,0.262599111725571,0.400459589306349,0.00752158186670888,0.385551969560794,0.41742500222195,0.388788791764657,0.400056533642341,0.411388736672394,0.550124441107908,0.00843041119864224,0.530200609229771,0.570916560598609,0.535270272010167,0.550337218191394,0.561665836921189
12,"regular","linear",0.01,"independent",0.597636779345787,0.0139209990415604,0.569758751946964,0.62672373287074,0.576462542594868,0.597725761493623,0.617493474852143,0.0543306163041625,0.00126554536741458,0.0517962501769968,0.0569748848064309,0.0524056856904425,0.0543387055903294,0.0561357704411039,0.00149409194836447,3.48024976039011e-05,0.00142439687986741,0.00156680933217685,0.00144115635648717,0.00149431440373406,0.00154373368713036,0.00154135156903524,4.53401669672709e-05,0.00146483743386411,0.00170088324697392,0.00148358540882523,0.00153335995601419,0.00160869262055862,0.249724797983382,0.00760081127517188,0.231508421304147,0.265964320583555,0.239055213399587,0.249688013948928,0.261382011620393,0.401435912011291,0.00728754392826569,0.388776984204613,0.421814842138235,0.389908311900331,0.400279107687076,0.41688308004999,0.550743041188127,0.00938829788618862,0.524757862755624,0.571625991947452,0.532306114963193,0.551761259991409,0.564138892490055
24,"regular","linear",0.01,"independent",0.614671145545886,0.0179986515361648,0.57014653168554,0.6496729460132,0.583977633243234,0.615096031825973,0.642166878764816,0.0267248324150385,0.000782550066789773,0.0247889796385017,0.0282466498266609,0.0253903318801406,0.026743305731564,0.0279202990767312,0.00153667786386472,4.49966288404119e-05,0.00142536632921385,0.001624182365033,0.00145994408310808,0.00153774007956493,0.00160541719691204,0.00173926960231888,7.25594783854798e-05,0.00160600033537473,0.00192776548181001,0.00163402577226652,0.00172691695784831,0.0018746096794753,0.25000136657491,0.00832456937918699,0.233451256736464,0.266539457618287,0.237315677060339,0.248832319653975,0.264761921044544,0.398922999792884,0.00615650728189847,0.386290233394451,0.411753847569555,0.3895160686301,0.398234876424223,0.408387292781402,0.550693355579039,0.00689555615940978,0.538406506722116,0.575258135256289,0.541345071757588,0.549477590873448,0.563084265183507
48,"regular","linear",0.01,"independent",0.733154329109898,0.0545823357624288,0.647045836681439,0.88652572519041,0.667395345642055,0.725408305025167,0.828138111503067,0.015599028278934,0.00116132629281763,0.0137669326953498,0.0188622494721364,0.0141999009711076,0.0154342192558546,0.0176199598192142,0.00183288582277474,0.000136455839406072,0.0016176145917036,0.00221631431297603,0.00166848836410514,0.00181352076256292,0.00207034527875767,0.00223261392870827,0.000167147724344516,0.00192189534038111,0.0026176013602172,0.0019834452306031,0.0022153233777469,0.0025050705206048,0.248930790362755,0.00719078632643018,0.231439868787246,0.264640223083954,0.237563621580978,0.249266725628778,0.261503577089529,0.401118710957815,0.00638019911338926,0.390860464183126,0.420898178177293,0.392597828393636,0.401130991974722,0.412010491887406,0.550028732781723,0.00657691204885877,0.536496205632072,0.563247545914676,0.54238259805554,0.547788191548817,0.560707101897315
96,"regular","linear",0.01,"independent",1.18256662397931,0.107791652729849,0.92501352564553,1.42724196208893,1.01162829516081,1.18612487120817,1.35331567189402,0.012448069726098,0.00113464897610367,0.00973698448047926,0.0150235996009361,0.0106487188964296,0.012485524960086,0.0142454281252002,0.00295641655994827,0.000269479131824622,0.00231253381411382,0.00356810490522232,0.00252907073790203,0.00296531217802042,0.00338328917973505,0.00368300783034778,0.000328760974978485,0.00286474943696897,0.00448691625525832,0.00320673007274936,0.00371088095170869,0.00424203249340852,0.249666695418201,0.00513500275534956,0.238297249903405,0.258931619696969,0.241888187750702,0.249577920601065,0.258033015300648,0.400431739400514,0.00559906774003287,0.387497108461793,0.417266415994425,0.391138827454507,0.40078843806264,0.408670593822491,0.549413218993237,0.00436572735577493,0.5402948837662,0.557768771927201,0.54204338397071,0.549906996415608,0.556542919700135
6,"irregular","narrow_peak",0.01,"independent",0.950726611387176,0.0301312114930909,0.888092845559107,1.01157630602407,0.901509239074203,0.949037255176313,0.995981646766686,0.190145322277435,0.00602624229861817,0.177618569111821,0.202315261204814,0.180301847814841,0.189807451035263,0.199196329353337,0.00237681652846794,7.53280287327271e-05,0.00222023211389777,0.00252894076506018,0.00225377309768551,0.00237259313794078,0.00248995411691672,0.00335217143689238,8.28994887515682e-05,0.00316515998859722,0.0035351196158013,0.00321787580657702,0.00335475208388364,0.00346644835932659,0.196087411891002,0.00626418428303293,0.179491959208018,0.212582974258981,0.186102213817376,0.19654467733529,0.203621186144782,0.202424755134315,0.00533707295285303,0.188936120303168,0.214525707757081,0.194216278856637,0.202460735094634,0.210527313522798,0.210149315751607,0.0056593338612748,0.197958437618757,0.226214918569995,0.201836202820054,0.209511595342457,0.218882795451135
12,"irregular","narrow_peak",0.01,"independent",0.486818636452905,0.038109332755565,0.383003833825813,0.575974618574991,0.438276577647745,0.485352822105046,0.540687170205968,0.0442562396775368,0.00346448479596045,0.0348185303478012,0.0523613289613628,0.0398433252407041,0.0441229838277315,0.0491533791096335,0.00121704659113226,9.52733318889124e-05,0.000957509584564532,0.00143993654643748,0.00109569144411936,0.00121338205526262,0.00135171792551492,0.00209636166290819,0.000118174397066252,0.00175403798625473,0.00241394349947344,0.00194321698174093,0.0020918918234279,0.00228832181541915,0.195883407361796,0.00405796401915871,0.185450360152652,0.207070207878324,0.190430033365254,0.195487857758703,0.201881081739604,0.202041357385406,0.00423579256087915,0.19131930335932,0.211051294085199,0.196162847565981,0.202176593719365,0.20914754710258,0.209700724534911,0.00395461789925408,0.201430912703597,0.218474685727177,0.203516052016661,0.209465916980508,0.21599961287973
24,"irregular","narrow_peak",0.01,"independent",1.21723386900374,0.0543016537932332,1.11194886876397,1.3325613772611,1.12492620332672,1.21972997129987,1.31123073695227,0.0529232116958147,0.00236094146927101,0.0483456029897378,0.0579374511852652,0.0489098349272486,0.0530317378826032,0.0570100320414029,0.00304308467250935,0.000135754134483083,0.00277987217190992,0.00333140344315275,0.00281231550831679,0.00304932492824969,0.00327807684238067,0.00700665755081856,0.00021391178379286,0.00654801284733023,0.00745070185370019,0.00664876633759479,0.00700342388380771,0.00734296365451814,0.19465930761953,0.00340905031430315,0.187944850619709,0.202665250327866,0.189119712527961,0.194202366056104,0.200495148138083,0.202352179338678,0.003024760507275,0.196688010758197,0.207624986158874,0.197624923819649,0.202659385355648,0.20708539989776,0.210217805376378,0.00296609894817443,0.204405906910318,0.216097174901418,0.204982312270204,0.210347700556545,0.214454308512751
48,"irregular","narrow_peak",0.01,"independent",1.37677000793911,0.0806555606157329,1.1570421325485,1.55268479176397,1.25540732985584,1.37487669467992,1.51991495724555,0.0292929788923216,0.00171607575778155,0.0246179177137978,0.033035846633276,0.0267107942522519,0.0292526956314876,0.0323386161116074,0.00344192501984778,0.000201638901539332,0.00289260533137124,0.00388171197940993,0.0031385183246396,0.00343719173669979,0.00379978739311387,0.00735451944717092,0.000203385899993512,0.00687463561983588,0.00786997543630171,0.00708387355782087,0.00732728352470023,0.00767659059950349,0.195024389595249,0.00214203597547936,0.190227535407082,0.198659907781832,0.190788100442551,0.19518960601857,0.198229485782019,0.202262880425608,0.00203262907268936,0.198156861142885,0.207112618181647,0.199240262015793,0.202402949834969,0.205542296923003,0.210077549384489,0.00205514050212218,0.205888928079842,0.214519816499039,0.206944717876442,0.209490416162312,0.213811019740406
96,"irregular","narrow_peak",0.01,"independent",1.93060543374298,0.104885743953381,1.65797054111862,2.11229249958079,1.74652503973677,1.94997247467406,2.09695871313766,0.0203221624604524,0.00110406046266716,0.0174523214854591,0.0222346578903241,0.0183844741024924,0.0205260260492006,0.0220732496119754,0.00482651358435744,0.000262214359883451,0.00414492635279654,0.00528073124895196,0.00436631259934194,0.00487493118668515,0.00524239678284416,0.0085724745555232,0.000407032008795115,0.0078165581584613,0.00988993502249825,0.00805452412796364,0.00856495351126564,0.00934797581484216,0.194186422936164,0.00158927475024352,0.190069703340114,0.198249362871875,0.19197398709913,0.194065347902793,0.196761368762937,0.201604530784249,0.00133511445631495,0.197624668137798,0.204352368143561,0.199915012438703,0.201603042104905,0.203725584311832,0.210076523854162,0.00163309462171313,0.207063827044054,0.213086255286072,0.207704703114595,0.210209694925624,0.21265273183087
6,"regular","narrow_peak",0.01,"independent",0.518899106136209,0.0263898431996881,0.466941450497922,0.595567298902955,0.48268101220038,0.521307887146625,0.563624132421978,0.103779821227242,0.00527796863993762,0.0933882900995844,0.119113459780591,0.096536202440076,0.104261577429325,0.112724826484395,0.00129724776534052,6.59746079992202e-05,0.0011673536262448,0.00148891824725739,0.00120670253050095,0.00130326971786656,0.00140906033105494,0.00192688418254053,8.33255260831402e-05,0.0017778132051116,0.00215822102216445,0.00181852362181934,0.00192880139911487,0.00205297844397611,0.19499949877573,0.0051132842031793,0.180273201244636,0.207594697151934,0.188577748899139,0.195490423544766,0.202392927529495,0.201311466602258,0.00485369941735083,0.186793988424951,0.213615167180778,0.194761097535442,0.201960923766043,0.209741978146274,0.208527991026062,0.0058252551328514,0.198643991476887,0.222921804773401,0.199855172569602,0.208581693575753,0.218281412418891
12,"regular","narrow_peak",0.01,"independent",0.708301977885731,0.0299533659060332,0.637224389852637,0.767180667826369,0.659808953485347,0.708527910791942,0.755176903482323,0.0643910888987029,0.00272303326418484,0.0579294899866034,0.0697436970751244,0.0599826321350316,0.0644116282538129,0.0686524457711203,0.00177075494471433,7.4883414765083e-05,0.00159306097463159,0.00191795166956592,0.00164952238371337,0.00177131977697985,0.00188794225870581,0.0035552534842646,0.000141331325302095,0.00318664607659945,0.00387889798904725,0.00337569788836866,0.00351834252114796,0.00378414325845023,0.195457127960959,0.00323319723766857,0.188941085312996,0.201744981847842,0.190249085479668,0.195670093324787,0.200258651001641,0.201978156787894,0.00328948438086778,0.194758271798811,0.212077168204448,0.19623639705331,0.201974145947555,0.207027543687181,0.209018077781449,0.00419109255921886,0.199160221785984,0.219607773048478,0.203250194204056,0.209024207789868,0.216153957808978
24,"regular","narrow_peak",0.01,"independent",1.20152312000042,0.0537739365063592,1.07878817803215,1.36051952428656,1.11935295696402,1.19615865682365,1.27637648974029,0.0522401356521922,0.00233799723940692,0.0469038338274846,0.0591530227950677,0.0486675198680008,0.0520068981227673,0.0554946299887083,0.00300380780000105,0.000134434841265898,0.00269697044508036,0.0034012988107164,0.00279838239241005,0.00299039664205912,0.00319094122435073,0.00681465833653761,0.000179189712593156,0.00650191231413837,0.00715948946285643,0.00654712202130778,0.00679527899961493,0.00707714706114598,0.194919341827051,0.00298804415964037,0.188830291068956,0.20247733916432,0.190287076387764,0.19518293486984,0.19915531038011,0.201908586440642,0.00255663426689727,0.196291144730229,0.207111606965432,0.19798756729123,0.202083469821576,0.206219334600107,0.210484120963197,0.00359656717756964,0.203622839312899,0.220314771299451,0.205730508336656,0.210213904403788,0.215342647220222
48,"regular","narrow_peak",0.01,"independent",1.41378612205081,0.0604436285379376,1.26865083386997,1.55130593135886,1.33666717532133,1.40112652844712,1.52755334978733,0.030080555788315,0.00128603464974335,0.0269925709334035,0.0330065091778481,0.0284397271344964,0.0298112027329175,0.032501135101858,0.00353446530512701,0.000151109071344844,0.00317162708467491,0.00387826482839715,0.00334166793830333,0.0035028163211178,0.00381888337446832,0.00730901995025392,0.000149281813611973,0.00703001628863543,0.00764370515035102,0.00708530610495312,0.00728961129129914,0.00755167679423922,0.194676357685326,0.00198227228656013,0.190335462974234,0.200102529229781,0.191537136334087,0.195017013443603,0.197346350032572,0.201981743043321,0.00152209348769543,0.197081825570382,0.205442022024123,0.199270229084623,0.202139677352912,0.204023196082159,0.210632318417225,0.00191790255323088,0.207202077289904,0.215218689555458,0.207849973821105,0.210592068566985,0.214080606363334
96,"regular","narrow_peak",0.01,"independent",1.9189685202325,0.0928717052555052,1.70653216656529,2.14631440122333,1.77566336437592,1.93379276649386,2.06229279984922,0.0201996686340263,0.00097759689742637,0.017963496490161,0.0225927831707719,0.0186911933092202,0.0203557133315143,0.0217083452615708,0.00479742130058126,0.000232179263138763,0.00426633041641323,0.00536578600305832,0.0044391584109398,0.00483448191623466,0.00515573199962306,0.00812810775643253,0.000164550895208603,0.00767674101398998,0.00857391100779709,0.007868018755936,0.00817061356928567,0.00832595121539733,0.194997403892769,0.00122440380240993,0.192397781893142,0.197385889365616,0.192591275959687,0.195272636515664,0.196654988125694,0.202466820964568,0.00134336765052697,0.199980046200585,0.20513760259315,0.200689250015681,0.202360310385318,0.204766759409146,0.211106255605273,0.00161185798095217,0.206714354342696,0.214796867146116,0.208724733249198,0.210963707557549,0.213530367563447
6,"irregular","oscillatory",0.01,"independent",0.512885356044718,0.0312000756025834,0.431073855546336,0.571321774499345,0.460105875421268,0.511693976362988,0.559680034465214,0.102577071208944,0.00624001512051668,0.0862147711092672,0.114264354899869,0.0920211750842537,0.102338795272598,0.111936006893043,0.00128221339011179,7.80001890064585e-05,0.00107768463886584,0.00142830443624836,0.00115026468855317,0.00127923494090747,0.00139920008616304,0.00151731288263363,8.57418843398663e-05,0.00137481028648857,0.00170038596147451,0.00138757118487605,0.00151026155142122,0.00165090089255881,0.398205784619732,0.00595565093605405,0.385934201864562,0.41364569179907,0.387860876888528,0.398638492744733,0.408177835022543,0.445631343997134,0.00548996935603477,0.430365086301691,0.456525532735084,0.437260783549045,0.446149266190886,0.453942581162189,0.49676920704126,0.00751262353238631,0.480588082592527,0.513190507145822,0.486208502221793,0.49678983205236,0.510174552208615
12,"irregular","oscillatory",0.01,"independent",1.6105278000653,0.0568628592069286,1.51564882090388,1.72777488786149,1.52243191805609,1.6024863604825,1.70714736943091,0.146411618187755,0.00516935083699351,0.137786256445808,0.157070444351045,0.138402901641463,0.145680578225682,0.15519521540281,0.00402631950016325,0.000142157148017322,0.00378912205225971,0.00431943721965373,0.00380607979514022,0.00400621590120625,0.00426786842357729,0.00498023405680504,0.000193082608027453,0.00453785364061392,0.00530383028292912,0.00467766495793053,0.00496572241793034,0.00527681271165112,0.377772736130181,0.00689401799752652,0.363932728211515,0.394061036785894,0.365449744855434,0.377400093768799,0.388193684305075,0.438650241093262,0.00643591161514383,0.420588216326593,0.453460468736298,0.428360541026359,0.438326940899996,0.448006304767911,0.499188768567439,0.00588553041926443,0.481844561477976,0.512833151888875,0.489609182368705,0.500420671989602,0.507577881777238
24,"irregular","oscillatory",0.01,"independent",3.00766801478526,0.0584636568392642,2.88094162790077,3.17316507080827,2.9150622405101,3.00707212811199,3.08447010396822,0.130768174555881,0.00254189812344627,0.125258331647859,0.137963698730794,0.126741836543917,0.130742266439652,0.134107395824705,0.00751917003696315,0.000146159142098161,0.00720235406975191,0.00793291267702067,0.00728765560127524,0.00751768032027998,0.00771117525992054,0.00841509640774852,0.000148443314906943,0.00804325227361392,0.00874182128141411,0.00815333457345802,0.00840456706763057,0.00868463804970297,0.327647558637623,0.00550893297378945,0.314228358604315,0.340521384725973,0.320046427559842,0.327332203822807,0.336832044235974,0.402505865308225,0.00613077084545149,0.390250833774794,0.416350556006778,0.394256805410605,0.402593695306042,0.412552297356201,0.516314252087799,0.00745384280247355,0.499746955383901,0.531501728453981,0.504836479493157,0.517005740843755,0.526077281330345
48,"irregular","oscillatory",0.01,"independent",3.46119092770135,0.0737065470926821,3.26169926601174,3.61882792093041,3.35603885105821,3.45783464328051,3.58423865194726,0.0736423601638586,0.00156822440622728,0.0693978567236541,0.0769963387432002,0.0714050819374087,0.0735709498570322,0.0762603968499418,0.00865297731925339,0.000184266367731705,0.00815424816502935,0.00904706980232602,0.00839009712764552,0.00864458660820128,0.00896059662986816,0.0097895117086367,0.000168859081724978,0.00934063343502451,0.0102076206860981,0.00954565269716701,0.00978443805555264,0.0100389606362837,0.323724830401397,0.00703594195693688,0.308071094964988,0.337480206330006,0.312391064152004,0.324003991937198,0.333724943171783,0.411162105557448,0.00468341690459327,0.400097708140338,0.422266490550261,0.402727032651623,0.411377202440574,0.417789952816481,0.511958888192094,0.00549486245241275,0.500213377832691,0.525420154406483,0.504030363567761,0.512385656435685,0.520075415182392
96,"irregular","oscillatory",0.01,"independent",3.71539828496607,0.0626058641172044,3.56572435747989,3.88262001943214,3.59728590704622,3.72357971792125,3.79127426610712,0.0391094556312218,0.000659009095970572,0.0375339406050514,0.0408696844150752,0.0378661674425918,0.0391955759781185,0.0399081501695487,0.00928849571241517,0.000156514660293011,0.00891431089369972,0.00970655004858036,0.00899321476761555,0.00930894929480314,0.00947818566526781,0.0108195016568858,0.00034924288380175,0.0103178166104761,0.012646598355256,0.0104390887405189,0.0107437736226961,0.011299360558976,0.312534108177263,0.00458084720241714,0.303578990947742,0.324147537675546,0.305606300872089,0.312684552020944,0.318253852927971,0.417904484372891,0.00371289618218222,0.411364306671761,0.42613447911653,0.412079425003123,0.417881075405544,0.423624977341469,0.508238057053519,0.00380730454529035,0.501231104552947,0.514424092715651,0.501461262945424,0.508443601726315,0.513662693790973
6,"regular","oscillatory",0.01,"independent",0.569379990039322,0.0354952136514656,0.500931457136005,0.638952394361634,0.516104658271463,0.570487180722045,0.626034172600789,0.113875998007864,0.00709904273029313,0.100186291427201,0.127790478872327,0.103220931654292,0.114097436144409,0.125206834520158,0.00142344997509831,8.87380341286641e-05,0.00125232864284001,0.00159738098590408,0.00129026164567866,0.00142621795180511,0.00156508543150197,0.00156861910882103,9.06254854738865e-05,0.00136105767785429,0.0017613885789085,0.0014231557264634,0.00156338463190054,0.00171610991995332,0.331484306449553,0.00753320111917936,0.307964938986635,0.348430906482656,0.322525788602888,0.330594180459175,0.344586287696074,0.399160143018588,0.0074971142959862,0.384932478695429,0.41488137178458,0.387286881065308,0.3998369814392,0.411282716850415,0.467887498710276,0.00804827846354622,0.450034199658463,0.491705438063017,0.457330212994205,0.467513442966939,0.481815239098791
12,"regular","oscillatory",0.01,"independent",2.07845794334358,0.0625179001334068,1.96179884692065,2.28474230583416,1.99193030166387,2.06900675115768,2.18083817603482,0.188950722122144,0.00568344546667334,0.178345349720059,0.207703845984923,0.181084572878534,0.188091522832516,0.198258016003166,0.00519614485835895,0.000156294750333517,0.00490449711730162,0.00571185576458539,0.00497982575415968,0.00517251687789419,0.00545209544008706,0.00577291438378833,0.000150413276622003,0.00544680137549728,0.00630701398133584,0.00555999766924838,0.00577042421120995,0.0059692287704728,0.311819807864251,0.00670546839434694,0.297599931262978,0.325034469961852,0.301886693263194,0.312598934054299,0.321255100807342,0.400832429386223,0.00687091887414279,0.382880456317492,0.412034164531439,0.388086286971129,0.402449797075025,0.410121934041648,0.490792143244498,0.00882942241349221,0.473642019546868,0.518100097982688,0.476755219683663,0.490900581053875,0.507187437704928
24,"regular","oscillatory",0.01,"independent",3.21140217972987,0.0524307831120699,3.05172405805438,3.31553355354228,3.13310791222666,3.20737092773245,3.27900461210408,0.139626181727386,0.00227959926574217,0.132683654698016,0.144153632762708,0.13622208314029,0.139450909901411,0.142565417917569,0.00802850544932468,0.000131076957780175,0.00762931014513594,0.0082888338838557,0.00783276978056665,0.00801842731933112,0.00819751153026021,0.00891978164444808,0.000144647413753378,0.0085430174427898,0.00916267560335866,0.00867805698262942,0.00892583097760979,0.0091449218414688,0.303597854489525,0.00759761218846789,0.286960937089642,0.319758757098181,0.291972309504089,0.304610153660615,0.315667610110062,0.401626942454151,0.00668697992698416,0.38857783670465,0.41586216765063,0.392037378480817,0.401422619645195,0.41407007408062,0.497474787919875,0.0078740912744637,0.482036088447207,0.516582887219766,0.485189619283797,0.49772003411065,0.511239983812378
48,"regular","oscillatory",0.01,"independent",3.53397961143318,0.0661558770522108,3.40303533188683,3.73289160245883,3.43023915778011,3.5356226148959,3.6370098955949,0.075191055562408,0.0014075718521747,0.0724050070614218,0.0794232255842305,0.072983811867662,0.0752260130828915,0.0773831892679766,0.00883494902858294,0.000165389692630527,0.00850758832971707,0.00933222900614708,0.00857559789445028,0.00883905653723975,0.00909252473898726,0.00986308664265569,0.000153003205290072,0.00948782164621265,0.0102498104268352,0.00958991089342404,0.00985252713695437,0.0101025236015022,0.296770411943351,0.00557548890813411,0.280664864765996,0.308302563854013,0.287070432716905,0.297429394874974,0.305552071260368,0.401175371643065,0.00488638924883935,0.387752512334282,0.410055357318448,0.393018904788592,0.402188559644305,0.408150718596435,0.500400436781618,0.00603243322769347,0.489371983351062,0.512916480662698,0.492632516826942,0.499490413420821,0.511427595977395
96,"regular","oscillatory",0.01,"independent",3.67589000605661,0.0632360196979813,3.54146033314924,3.84267242815401,3.58384526855295,3.67160171169833,3.77192276407759,0.0386935790111222,0.000665642312610329,0.0372785298226236,0.0404491834542528,0.0377246870373994,0.0386484390705087,0.0397044501481851,0.00918972501514151,0.000158090049244953,0.00885365083287311,0.00960668107038503,0.00895961317138237,0.00917900427924582,0.00942980691019396,0.010474929867256,0.000153120743125255,0.0102248251705615,0.0108255230106218,0.0102596351033511,0.0104661278465184,0.0107568231633635,0.296348804050886,0.00367733777549192,0.288314504997031,0.302544913603552,0.290338524715408,0.29627650357874,0.301651385149852,0.399566461269937,0.00353929416256105,0.392822402218772,0.406703753764457,0.393794070233768,0.400007780781143,0.40517708901386,0.504578373105877,0.00304694157111715,0.498555728946424,0.511314747780985,0.49997537385112,0.504377678333777,0.509315944813702
